Property_ID,Neighborhood,Property_Type,Bedrooms,Bathrooms,Square_Footage,Year_Built,Listing_Price,Days_On_Market
PROP-1000,Suburbs,Condo,3.0,2.0,-1069.0,1982.0, 344096 ,
PROP-1001,Westbay,SFH,4.0,2.0,-1825.0,1820.0,"$477,071.85",46.05294823648923
PROP-1002,North End,Single Family,2.0,1.5,1177.0,1968.0,420665.0,58.46075468951488
PROP-1003,suburbs,Single Family,3.0,1.0,1578.0,2020.0,"$502,581",53.513067228683575
PROP-1004,Downtown,single family,3.0,2.0,8331.0,2006.0,"$547,868.55",40.11980197195135
PROP-1005,Downtown,single family,4.0,1.5,1838.0,1968.0,"$576,037.83",20.272499497316023
PROP-1006,Downtown,Condo,5.0,2.5,2574.0,1990.0,"$772,372",143.863021808438
PROP-1007,West Bay,Condo,1.0,1.0,1414.0,1991.0,1662424.3,29.46359607295464
PROP-1008,North End,Condo,3.0,2.0,1144.0,2001.0, 359229 ,7.9313873771392585
PROP-1009,North End,condo,1.0,3.0,1612.0,1953.0,"$590,914.64",12.126098085188081
PROP-1010,Downtown,Townhouse,3.0,1.5,1438.0,1953.0,"$458,491",41.39594605610694
PROP-1011,Westbay,Condo,2.0,2.0,1354.0,1954.0,"$450,167.29",90.53802507823727
PROP-1012,West Bay,Duplex,2.0,1.0,1293.0,1990.0,405142.4,6.891196812246158
PROP-1013,downtown,Single Family,2.0,2.0,1722.0,2010.0, 480400 ,3.007739208551723
PROP-1014,Downtown,Single Family,3.0,2.0,1233.0,2004.0,"$376,638",74.65865265356932
PROP-1015,Downtown,Single Family,2.0,2.0,1975.0,1962.0,"$529,849",
PROP-1016,Suburbs,Condo,3.0,2.0,1944.0,1963.0,"$442,198",11.322079353508906
PROP-1017,Suburbs,Townhouse,3.0,3.0,1773.0,2009.0,"$532,935.02",16.578362219829554
PROP-1018,Suburbs,Single Family,1.0,1.5,1090.0,2021.0,N/A,37.77769618397031
PROP-1019,Suburbs,town house,4.0,1.0,1696.0,1974.0,"$478,827",14.013059394162942
PROP-1020,North End,Single Family,2.0,3.0,,1993.0,742916.5,73.39017237707935
PROP-1021,Downtown,town house,3.0,2.0,2021.0,1959.0,"$657,096",3.983593303517899
PROP-1022,Suburbs,Single Family,3.0,3.0,1928.0,2020.0,"$573,277.65",1.3552821504897443
PROP-1023,Suburbs,Single Family,2.0,2.0,1570.0,1999.0,445465.7,8.183279057883613
PROP-1024,Suburbs,SFH,1.0,2.5,1547.0,1993.0,"$418,513.29",11.794834200189285
PROP-1025,north end,Single Family,2.0,2.0,2288.0,1963.0,"$648,217.01",
PROP-1026,Downtown,Single Family,5.0,2.5,1713.0,1964.0,"$529,839.76",2.3781607348564897
PROP-1027,Suburbs,Single Family,3.0,3.0,1720.0,1965.0,"$519,127",49.31432146045099
PROP-1028,suburbs,Townhouse,3.0,2.0,3523.0,1951.0,"$973,145",6.281013938074405
PROP-1029,Downtown,Condo,3.0,1.5,1404.0,1979.0,"$526,159",85.83763053841378
PROP-1030,North End,Single Family,2.0,1.5,694.0,1979.0, 323909 ,16.060287220321076
PROP-1031,Downtown,Condo,3.0,1.5,1472.0,1980.0,"$497,422.57",38.86750345373431
PROP-1032,Downtown,Condo,4.0,1.5,1500.0,1969.0, 465808 ,8.939393471688888
PROP-1033,Westbay,Single Family,2.0,1.5,1704.0,1998.0,"$524,717.93",9.620157095304767
PROP-1034,Westbay,single family,2.0,2.0,1832.0,1984.0, 571579 ,29.92437404209636
PROP-1035,north end,Single Family,2.0,2.0,738.0,1972.0,"$298,160",28.785498495871007
PROP-1036,Suburbs,Single Family,3.0,2.0,1844.0,2010.0,"$585,504",51.24581286338458
PROP-1037,Downtown,Condo,,2.0,1530.0,2004.0,"$439,024",49.63162351621666
PROP-1038,North End,Single Family,1.0,1.0,1425.0,2016.0,"$430,522",38.8762127144438
PROP-1039,Suburbs,Condo,3.0,1.0,858.0,1957.0,,20.86901108611399
PROP-1040,Downtown,Condo,2.0,1.5,2445.0,1989.0,657845.9,77.45897665679585
PROP-1041,Suburbs,Single Family,99.0,2.0,1348.0,2008.0,,34.10374285596855
PROP-1042,Downtown,Condo,2.0,1.5,1936.0,1981.0,"$622,270.66",161.8826604750023
PROP-1043,West Bay,Single Family,3.0,1.5,-1172.0,1956.0,"$409,613",59.89562358115739
PROP-1044,DOWNTOWN,Duplex,3.0,2.0,1729.0,1951.0, 472497 ,1.5862521075047815
PROP-1045,North End,SFH,3.0,2.5,1432.0,1955.0,,13.528768932239524
PROP-1046,Suburbs,Townhouse,3.0,1.0,1917.0,1985.0,552968.5,29.691961021654397
PROP-1047,Suburbs,Condo,2.0,2.0,1417.0,1981.0,499183.6,44.737974621191185
PROP-1048,suburbs,Single Family,2.0,2.0,1153.0,1994.0,"$466,884",27.973951206026825
PROP-1049,Downtown,Condo,2.0,2.5,1553.0,1991.0,"$419,974",53.98361151780618
PROP-1050,Westbay,Duplex,2.0,3.0,,2002.0, 502704 ,11.626975238327155
PROP-1051,North End,Condo,3.0,1.0,1691.0,1820.0,"$504,014.54",7.113160231589468
PROP-1052,Westbay,Townhouse,2.0,1.5,2102.0,1998.0,"$597,922",1.93986245965896
PROP-1053,West Bay,Townhouse,2.0,3.0,1067.0,1951.0,336820.8,29.809720522049084
PROP-1054,suburbs,Single Family,3.0,2.0,2067.0,2016.0,594867.6,40.83364181143889
PROP-1055,West Bay,Single Family,0.0,2.0,1012.0,1960.0,322730.5,13.81615637392966
PROP-1056,Downtown,Condo,3.0,2.0,1893.0,1999.0,"$554,431.30",33.27944368067706
PROP-1057,Downtown,single family,1.0,2.0,1912.0,1984.0,"$622,308.67",1.8748326034601668
PROP-1058,Downtown,Townhouse,1.0,3.0,1325.0,1964.0,"$469,834.79",3.660147853663668
PROP-1059,Suburbs,town house,-1.0,,1191.0,1980.0,"$498,244",42.344372664959536
PROP-1060,Suburbs,Single Family,2.0,2.5,1171.0,2011.0,"$431,201.25",16.06416643941736
PROP-1061,DOWNTOWN,Single Family,1.0,1.5,1600.0,1977.0,"$509,953",38.94496676284628
PROP-1062,north end,condo,3.0,3.0,1952.0,1974.0,"$604,370",62.37464371317992
PROP-1063,Suburbs,Single Family,3.0,1.0,1486.0,1974.0, 1547137 ,67.01651363739803
PROP-1064,Suburbs,Townhouse,3.0,1.5,667.0,1950.0, 202874 ,6.613061541256233
PROP-1065,suburbs,single family,2.0,3.0,1296.0,2008.0, 470929 ,23.313071465442334
PROP-1066,Downtown,Condo,1.0,1.5,-1281.0,2018.0,Unknown,46.339423657481035
PROP-1067,north end,Single Family,0.0,1.5,1828.0,2023.0,Unknown,52.049704915925915
PROP-1068,Downtown,Condo,2.0,1.0,1859.0,1991.0, 592690 ,53.74639616367025
PROP-1069,,single family,3.0,3.0,1640.0,,"$472,621",9.064562739084364
PROP-1070,North End,Condo,3.0,2.0,2068.0,2015.0,"$585,424",7.484936995868758
PROP-1071,Downtown,Single Family,3.0,2.0,2119.0,1967.0,,31.206998555944345
PROP-1072,Downtown,Condo,2.0,1.5,1321.0,1954.0,"$399,168.99",47.294048814657174
PROP-1073,north end,Townhouse,2.0,2.5,1162.0,1969.0,"$429,943",13.453925185641594
PROP-1074,North End,Single Family,3.0,2.5,1520.0,,512720.9,3.8710763449878702
PROP-1075,North End,Single Family,4.0,1.5,827.0,2011.0,934326.4,44.14944132199863
PROP-1076,North End,Single Family,5.0,2.0,1639.0,1981.0,"$473,576",12.468517866841838
PROP-1077,Downtown,Condo,2.0,1.5,1299.0,2007.0,"$434,201",6.368491236314891
PROP-1078,Suburbs,Condo,2.0,,3824.0,1999.0, 1042701 ,5.594550766146343
PROP-1079,Downtown,Condo,5.0,2.0,2397.0,1987.0,"$706,786",13.237154071090233
PROP-1080,West Bay,Single Family,3.0,3.0,1259.0,2004.0,"$322,195",31.435299467900656
PROP-1081,North End,single family,4.0,1.5,1082.0,1977.0,374857.9,15.532779908517135
PROP-1082,Suburbs,Condo,2.0,2.5,1226.0,2023.0, 441006 ,0.7307402985327099
PROP-1083,Downtown,SFH,3.0,2.5,2131.0,1820.0,582846.2,3.5675965312111595
PROP-1084,Suburbs,nan,3.0,2.0,2148.0,1992.0,"$583,096.15",12.011977569716347
PROP-1085,Suburbs,Single Family,3.0,4.0,2407.0,1985.0,"$645,965",37.727930405408834
PROP-1086,North End,Condo,3.0,2.0,1151.0,2001.0, 389252 ,3.629918491833865
PROP-1087,North End,single family,1.0,1.0,1826.0,1985.0,"$507,594.91",28.786608072043958
PROP-1088,West Bay,single family,3.0,2.0,1186.0,1820.0, 440557 ,4.469629068581158
PROP-1089,Suburbs,Condo,2.0,2.5,2578.0,2007.0,"$678,377.76",8.321920074124096
PROP-1090,Downtown,Condo,3.0,2.0,1164.0,1985.0, 359379 ,6.613944428244413
PROP-1091,North End,nan,-1.0,1.5,-999.0,2019.0,"$351,836",2.4358306828747396
PROP-1092,North End,Single Family,2.0,2.0,1061.0,1958.0,"$450,034.65",38.94451804243374
PROP-1093,suburbs,Single Family,4.0,1.5,1555.0,1970.0,"$515,691",21.787813315442257
PROP-1094,North End,Condo,2.0,2.0,1943.0,2013.0,"$604,005",62.236049133792335
PROP-1095,Suburbs,Condo,3.0,2.0,1902.0,2010.0,"$581,392",3.6445106046906113
PROP-1096,Suburbs,Single Family,99.0,2.5,,1989.0,"$344,205",5.471952505259385
PROP-1097,Suburbs,Single Family,2.0,1.5,1370.0,2005.0,422694.9,12.808008196816143
PROP-1098,Downtown,Single Family,1.0,2.0,1311.0,1953.0,"$402,058",50.815156775875494
PROP-1099,Downtown,Townhouse,3.0,1.5,1025.0,1980.0,"$424,645",12.772755162254008
PROP-1100,Downtown,Single Family,1.0,1.5,1301.0,1976.0,,18.373465968065297
PROP-1101,North End,Single Family,3.0,2.5,2373.0,2007.0,597014.5,12.563893329811162
PROP-1102,Suburbs,Single Family,5.0,3.0,978.0,1974.0,"$430,619.56",2.926890193426201
PROP-1103,Suburbs,Single Family,3.0,2.0,1675.0,2018.0,"$503,501",98.1405380603978
PROP-1104,West Bay,Single Family,2.0,2.5,2391.0,2019.0, 705439 ,27.834319486082762
PROP-1105,downtown,Condo,3.0,3.0,2350.0,1954.0,"$714,398.52",54.26338629359356
PROP-1106,Suburbs,Single Family,3.0,2.5,2618.0,1957.0,"$610,695",37.58962258096253
PROP-1107,North End,Townhouse,1.0,1.5,1727.0,1958.0,"$550,485.97",25.27244999821964
PROP-1108,downtown,Single Family,3.0,4.0,1809.0,, 536677 ,3.288501224740597
PROP-1109,Downtown,Condo,3.0,2.0,1309.0,1956.0,"$329,034",36.024569133264
PROP-1110,Suburbs,Townhouse,3.0,1.5,971.0,2021.0,312698.0,5.909996356322276
PROP-1111,Downtown,Condo,2.0,1.0,1485.0,1964.0,456311.0,
PROP-1112,West Bay,Condo,3.0,2.0,2216.0,1986.0,"$675,617",34.71503811429976
PROP-1113,north end,Single Family,1.0,1.0,663.0,1988.0, 287953 ,53.35089302182737
PROP-1114,North End,Single Family,2.0,1.5,1329.0,1955.0,"$449,008",40.436412288629334
PROP-1115,West Bay,Condo,4.0,1.5,1866.0,2006.0,"$544,499",38.96621796914193
PROP-1116,north end,nan,3.0,2.5,1562.0,1968.0,"$542,522",5.648746289889157
PROP-1117,Downtown,Condo,1.0,3.0,,2012.0,680934.8,
PROP-1118,West Bay,Condo,2.0,1.5,2141.0,1980.0,"$628,308",1.5351077916626965
PROP-1119,suburbs,Condo,2.0,3.0,929.0,1959.0,"$303,047.17",44.48847130506453
PROP-1120,north end,SFH,2.0,3.0,1604.0,2016.0,"$508,340",106.70930694235975
PROP-1121,West Bay,Single Family,2.0,2.5,1205.0,2011.0,"$540,301",10.7336305355558
PROP-1122,Suburbs,Condo,1.0,1.0,1200.0,1952.0,,3.2123975957194966
PROP-1123,Downtown,Duplex,3.0,2.0,954.0,1967.0,"$326,669",22.590521339654874
PROP-1124,downtown,Single Family,3.0,3.0,1691.0,1974.0,"$605,332",67.99808905948936
PROP-1125,Suburbs,Condo,3.0,2.0,2323.0,1969.0,"$625,745",28.101655693516356
PROP-1126,north end,Single Family,3.0,1.5,1740.0,2007.0,"$564,875",1.6767296826046927
PROP-1127,West Bay,Condo,1.0,2.0,934.0,1999.0,"$353,299",128.10646572177234
PROP-1128,Downtown,Single Family,-1.0,2.0,1533.0,1959.0,495424.3,61.741627682093075
PROP-1129,Suburbs,single family,4.0,2.0,,1970.0,565101.6,4.938360716484514
PROP-1130,Suburbs,condo,4.0,1.0,1496.0,1978.0,"$467,879",89.19599299201354
PROP-1131,downtown,Single Family,4.0,1.5,1730.0,1959.0,Unknown,20.968122639815643
PROP-1132,Downtown,Condo,5.0,2.5,1238.0,1962.0,363037.5,16.27684416102209
PROP-1133,Suburbs,condo,3.0,3.0,1438.0,1996.0, 415821 ,21.634852975138845
PROP-1134,Westbay,town house,2.0,1.0,1409.0,1972.0,"$475,032.71",62.972663720050534
PROP-1135,Suburbs,Single Family,3.0,4.0,,1999.0,"$661,225.09",37.704816561871695
PROP-1136,Suburbs,single family,3.0,1.5,1084.0,1953.0,"$347,598.42",2.1376671553730984
PROP-1137,North End,Single Family,3.0,2.0,695.0,2016.0,"$430,168.46",110.62485050473953
PROP-1138,Suburbs,nan,3.0,2.5,2410.0,2002.0,Unknown,5.597039692373775
PROP-1139,,town house,1.0,2.5,1622.0,1951.0,533017.7,47.905251784859395
PROP-1140,Westbay,Condo,2.0,3.0,1007.0,2017.0,"$404,097",35.38417978552131
PROP-1141,DOWNTOWN,Townhouse,5.0,1.5,2079.0,2014.0,"$570,791",7.268586007329701
PROP-1142,Suburbs,Condo,3.0,3.0,1879.0,2006.0, 510014 ,6.552419538448181
PROP-1143,Suburbs,Condo,3.0,1.0,11688.0,2019.0, 706086 ,71.49603861831227
PROP-1144,Suburbs,Single Family,2.0,2.5,1664.0,,516159.3,19.047046191662886
PROP-1145,Downtown,condo,2.0,2.5,3202.0,1968.0,886511.1,37.204444184585334
PROP-1146,North End,Single Family,4.0,2.0,1500.0,1993.0,"$397,624",24.546288040449365
PROP-1147,Suburbs,Townhouse,3.0,1.5,1880.0,2012.0,660230.9,45.48527400526685
PROP-1148,Downtown,condo,4.0,3.0,1968.0,2014.0, 594156 ,22.83646948383516
PROP-1149,DOWNTOWN,Condo,3.0,1.5,3859.0,1988.0,,11.858239436694545
PROP-1150,West Bay,Single Family,3.0,1.0,1346.0,2055.0,"$453,217",15.805567501023717
PROP-1151,downtown,Single Family,2.0,2.5,1332.0,1993.0,"$402,398",68.58412977304909
PROP-1152,Downtown,Single Family,3.0,2.0,8916.0,1961.0,542153.3,22.09119514096844
PROP-1153,Suburbs,Single Family,3.0,2.5,978.0,1971.0,"$317,244",8.403434786126766
PROP-1154,,Single Family,3.0,2.0,1202.0,1963.0,"$402,980",95.45603936453485
PROP-1155,downtown,town house,3.0,1.5,1486.0,1979.0,N/A,55.74040638979164
PROP-1156,North End,Condo,5.0,2.5,2569.0,1993.0,"$719,456.46",
PROP-1157,North End,Single Family,1.0,2.0,1982.0,1820.0,,239.8299611226802
PROP-1158,downtown,single family,4.0,1.5,1601.0,2008.0,"$544,441",41.552111709884926
PROP-1159,North End,single family,2.0,2.5,1304.0,1991.0, 430415 ,6.113478606572096
PROP-1160,Suburbs,Condo,3.0,2.0,689.0,2001.0,"$249,414.38",9.475096317428113
PROP-1161,North End,Condo,1.0,2.0,2912.0,2012.0,"$718,625",41.268601873636314
PROP-1162,North End,town house,2.0,2.0,1530.0,2010.0,"$469,057.98",52.95647733794108
PROP-1163,suburbs,SFH,3.0,2.5,1202.0,1983.0,"$465,913.10",9.560920379758484
PROP-1164,Downtown,nan,1.0,2.5,3104.0,,"$875,079",10.395606051638532
PROP-1165,West Bay,Townhouse,3.0,2.5,993.0,1990.0,,12.841481024221327
PROP-1166,Suburbs,Single Family,5.0,1.0,,1986.0,"$683,827",
PROP-1167,Downtown,town house,2.0,2.5,1568.0,2014.0,Unknown,6.598204982398497
PROP-1168,Downtown,Single Family,4.0,2.0,1980.0,1981.0,"$564,000.99",3.853021556196085
PROP-1169,suburbs,Townhouse,3.0,2.0,1863.0,1957.0,"$526,656",39.756179644036514
PROP-1170,North End,single family,3.0,2.0,1971.0,1967.0,"$517,369",52.85125447618119
PROP-1171,Downtown,Townhouse,2.0,3.0,3204.0,1994.0,N/A,24.32527016926712
PROP-1172,Suburbs,Townhouse,2.0,2.5,3028.0,1982.0,"$823,860",15.830280062108105
PROP-1173,downtown,Townhouse,2.0,1.0,1224.0,1954.0, 399295 ,19.799817203571816
PROP-1174,North End,condo,1.0,2.0,1840.0,2023.0, 636686 ,17.209136483889157
PROP-1175,Downtown,Single Family,2.0,3.0,824.0,1985.0,"$421,843.03",112.64745106886555
PROP-1176,North End,Single Family,3.0,1.0,2041.0,1972.0,"$722,600",51.149192672142874
PROP-1177,Suburbs,single family,4.0,4.0,,1989.0,"$622,646",8.16564045470521
PROP-1178,Westbay,Single Family,4.0,2.0,,1954.0,Unknown,16.96853996689003
PROP-1179,Downtown,Condo,3.0,2.0,1548.0,1983.0,519930.6,27.485129860114444
PROP-1180,Suburbs,Single Family,2.0,1.5,1979.0,1973.0,660201.3,33.22529190695629
PROP-1181,Downtown,Duplex,2.0,1.5,1754.0,1966.0,538579.0,22.101013151870696
PROP-1182,West Bay,Condo,2.0,3.0,1000.0,1820.0, 325760 ,58.14892751830755
PROP-1183,West Bay,Townhouse,2.0,1.5,,1971.0, 344451 ,51.076240446808285
PROP-1184,DOWNTOWN,Single Family,3.0,2.5,1488.0,1964.0,"$530,288",24.6230808195822
PROP-1185,North End,Townhouse,3.0,2.0,1346.0,1964.0,"$474,063",67.44828985588869
PROP-1186,north end,town house,2.0,1.0,1389.0,1974.0, 447801 ,48.67317025144738
PROP-1187,suburbs,SFH,2.0,1.0,952.0,2002.0,"$348,657",52.76957972894455
PROP-1188,Suburbs,Condo,4.0,2.0,1577.0,1970.0,"$489,094.18",109.64506019950585
PROP-1189,downtown,condo,4.0,,2576.0,2015.0,"$772,549",10.845891437101532
PROP-1190,Downtown,Single Family,2.0,2.0,1015.0,1981.0,337788.9,10.90229797975272
PROP-1191,West Bay,Condo,5.0,2.0,1446.0,1970.0,N/A,76.92282644324509
PROP-1192,West Bay,single family,-1.0,1.5,1906.0,2017.0,"$651,031",51.77910531402102
PROP-1193,North End,Single Family,2.0,2.0,872.0,1993.0,343061.8,91.38813866598083
PROP-1194,Suburbs,Single Family,2.0,2.0,1582.0,2015.0, 1730631 ,2.28238213554888
PROP-1195,Suburbs,Single Family,3.0,3.0,2177.0,1963.0,659060.9,34.587301690149395
PROP-1196,North End,Single Family,5.0,2.0,1091.0,1964.0,"$345,409",5.467672428519211
PROP-1197,West Bay,Single Family,4.0,2.0,1633.0,1969.0,Unknown,24.534023927910646
PROP-1198,West Bay,Duplex,2.0,1.0,2124.0,1983.0, 599968 ,5.92560449441803
PROP-1199,North End,Condo,2.0,,3145.0,1985.0,"$892,456.92",4.7969562328076645
PROP-1200,North End,Duplex,3.0,1.5,1605.0,1958.0,"$434,129",0.42850450352821134
PROP-1201,Downtown,single family,3.0,1.0,1212.0,2020.0,"$436,831.27",34.821427221067275
PROP-1202,Downtown,Single Family,2.0,2.0,780.0,1979.0,"$311,284.69",15.566638714613514
PROP-1203,West Bay,Condo,4.0,2.0,1215.0,2012.0,"$385,612",
PROP-1204,North End,single family,3.0,2.0,933.0,1984.0,"$389,869",13.644554541455467
PROP-1205,Downtown,Single Family,4.0,2.0,-2648.0,1962.0,"$725,986",6.477037271302839
PROP-1206,Downtown,Condo,4.0,2.5,2080.0,1995.0, 628613 ,99.47225876235717
PROP-1207,North End,Single Family,3.0,1.5,1038.0,2005.0,"$435,290.81",13.498438302333442
PROP-1208,Downtown,Condo,3.0,2.5,,1958.0,"$446,954.86",14.223853910904099
PROP-1209,Downtown,Condo,3.0,2.0,1596.0,1985.0,"$452,580",64.10930325002508
PROP-1210,suburbs,Single Family,2.0,2.0,2171.0,1952.0,"$603,267",36.52006694037248
PROP-1211,North End,Single Family,3.0,2.0,1841.0,1968.0,575739.4,43.346319828702576
PROP-1212,North End,condo,2.0,1.5,1782.0,1977.0,N/A,35.37122285799568
PROP-1213,downtown,single family,3.0,2.5,1669.0,1972.0,499656.4,102.28444599141042
PROP-1214,North End,Single Family,2.0,2.0,1057.0,2055.0,"$391,533",8.117658708979633
PROP-1215,downtown,nan,2.0,1.5,1603.0,1963.0,"$511,361",157.9701835946478
PROP-1216,Suburbs,Single Family,2.0,2.0,1539.0,1995.0,"$503,460.58",62.21590526456579
PROP-1217,North End,Condo,1.0,,928.0,1964.0,"$301,091",31.118338054240606
PROP-1218,North End,nan,3.0,2.0,2625.0,2016.0,"$663,899.40",38.00333140917043
PROP-1219,West Bay,Single Family,3.0,3.0,1268.0,1964.0,"$327,300.78",36.62655850618192
PROP-1220,North End,Single Family,3.0,1.5,937.0,,"$360,849",2.1059749519032467
PROP-1221,suburbs,Single Family,2.0,1.0,1340.0,1957.0, 383434 ,8.60725727842114
PROP-1222,Downtown,Single Family,1.0,1.5,1427.0,2018.0, 560186 ,113.97193770857967
PROP-1223,Suburbs,Single Family,1.0,2.0,1523.0,2011.0,"$514,581",26.75231954448301
PROP-1224,DOWNTOWN,Condo,2.0,1.5,1419.0,2000.0,"$409,083",16.63843446605016
PROP-1225,downtown,Single Family,4.0,1.0,1552.0,2012.0,"$542,619",50.247618023735086
PROP-1226,,Condo,2.0,3.0,,2017.0,562124.5,26.019988229604778
PROP-1227,Suburbs,nan,2.0,2.5,1612.0,1965.0,"$559,573",0.46375589679605167
PROP-1228,West Bay,Townhouse,2.0,2.5,1777.0,1973.0,"$504,674.85",46.64472990187645
PROP-1229,North End,Condo,2.0,1.5,1813.0,1955.0,"$581,063.36",46.11531467879854
PROP-1230,north end,Single Family,3.0,1.0,1828.0,2006.0,"$607,795",6.317558391479022
PROP-1231,Suburbs,Condo,3.0,1.0,1979.0,1980.0,"$656,074",109.85384630923119
PROP-1232,suburbs,Condo,2.0,2.5,1221.0,1820.0,N/A,8.871953251589503
PROP-1233,Suburbs,single family,1.0,3.0,,1978.0, 412166 ,21.420943691785535
PROP-1234,Downtown,Single Family,2.0,2.0,2174.0,2016.0, 590408 ,4.265426536477897
PROP-1235,North End,Townhouse,2.0,1.0,1354.0,1952.0,"$531,742",32.35856341853384
PROP-1236,Suburbs,single family,2.0,2.0,1495.0,1977.0,,16.475398868411087
PROP-1237,Downtown,Single Family,-1.0,1.5,1451.0,2023.0,"$509,248",15.248699296616985
PROP-1238,North End,Single Family,3.0,2.0,3103.0,1997.0,854190.3,61.40155125066776
PROP-1239,Downtown,single family,3.0,2.0,1151.0,1959.0,420014.8,0.3362701835539826
PROP-1240,Westbay,Townhouse,3.0,2.5,1143.0,1982.0,"$362,658.66",55.97284370510548
PROP-1241,Westbay,Condo,3.0,1.0,1554.0,2016.0,"$471,841.75",29.6570580210692
PROP-1242,West Bay,condo,3.0,1.0,-1464.0,2018.0,"$475,395",149.65158252425528
PROP-1243,Suburbs,Single Family,3.0,,1034.0,1961.0,"$348,399",31.158436470126727
PROP-1244,Downtown,single family,3.0,1.5,6803.0,2006.0,"$445,098",1.9940071251547564
PROP-1245,West Bay,SFH,2.0,1.0,1569.0,1993.0,485816.1,1.8190485671263479
PROP-1246,Suburbs,Single Family,3.0,1.5,1308.0,1962.0,"$410,546",75.14114214723269
PROP-1247,Westbay,Single Family,3.0,1.0,1482.0,1973.0,,64.40695840817922
PROP-1248,Westbay,condo,4.0,2.0,1188.0,1993.0,391480.6,14.85679515246544
PROP-1249,West Bay,Single Family,3.0,2.5,1035.0,2006.0,Unknown,33.68468988901866
PROP-1250,Suburbs,Condo,3.0,1.5,1350.0,1820.0,405353.8,23.539026469925233
PROP-1251,Suburbs,Single Family,2.0,2.0,1090.0,1970.0,"$390,039",119.56810192711215
PROP-1252,West Bay,Single Family,3.0,2.0,967.0,2000.0,402699.2,104.82327088382829
PROP-1253,Suburbs,Single Family,2.0,2.0,770.0,1970.0,"$348,620.38",
PROP-1254,Downtown,Duplex,2.0,3.0,1679.0,2009.0,Unknown,70.46445731716092
PROP-1255,suburbs,Townhouse,2.0,3.0,1335.0,2000.0,"$482,442",84.10414791231895
PROP-1256,Westbay,Duplex,3.0,1.0,2179.0,1970.0,"$658,314",8.574253998880078
PROP-1257,North End,SFH,2.0,2.5,736.0,1955.0,"$351,939.57",62.22638577410811
PROP-1258,suburbs,Single Family,2.0,2.0,1373.0,2022.0,500723.6,43.187938934171314
PROP-1259,Downtown,Condo,4.0,,1676.0,2014.0, 485989 ,115.18793711384154
PROP-1260,North End,single family,2.0,2.0,1247.0,2007.0,"$410,834",29.641810418041814
PROP-1261,,Townhouse,3.0,,1538.0,1955.0,"$568,979.46",3.1154874189624002
PROP-1262,Downtown,Single Family,3.0,2.5,772.0,2014.0, 397697 ,31.843315407748868
PROP-1263,Suburbs,SFH,1.0,1.5,1344.0,1983.0, 442167 ,
PROP-1264,West Bay,Single Family,4.0,2.0,1153.0,2005.0,"$430,818",8.710555675191744
PROP-1265,North End,Single Family,1.0,,2104.0,1952.0,643897.0,17.537184417362592
PROP-1266,North End,Condo,3.0,3.0,1641.0,1991.0,"$590,014.00",31.93946871057305
PROP-1267,North End,SFH,3.0,1.0,2005.0,2011.0,"$606,660.74",16.400084106004666
PROP-1268,Suburbs,Single Family,3.0,2.5,10165.0,,,16.44719931141932
PROP-1269,Suburbs,single family,3.0,1.5,1307.0,1955.0, 416109 ,4.998568296283263
PROP-1270,north end,single family,2.0,1.0,1617.0,2012.0,"$646,855",98.90769678265693
PROP-1271,north end,condo,1.0,2.0,,1969.0,"$325,558.95",48.58958499535567
PROP-1272,West Bay,Townhouse,3.0,1.5,1759.0,1970.0,"$539,214.73",0.04354744021777519
PROP-1273,West Bay,Duplex,3.0,2.5,1843.0,1951.0,Unknown,50.77740133671568
PROP-1274,Suburbs,condo,4.0,1.5,1719.0,2005.0,"$492,261.79",47.11999141093645
PROP-1275,Suburbs,Single Family,4.0,2.5,1306.0,1959.0,"$314,711",0.34225153739687786
PROP-1276,north end,Condo,4.0,1.0,2710.0,2019.0,"$631,712.82",16.14926452098482
PROP-1277,North End,single family,3.0,1.5,1567.0,1972.0,"$459,030.79",32.66563523170217
PROP-1278,North End,Single Family,2.0,1.5,3690.0,1979.0,882467.9,21.09977568062224
PROP-1279,north end,Townhouse,4.0,1.5,1058.0,1986.0,"$429,335",52.67553797725332
PROP-1280,West Bay,Single Family,3.0,1.0,1900.0,2004.0, 580101 ,19.396392969516317
PROP-1281,Suburbs,town house,2.0,1.5,2125.0,1998.0,Unknown,5.847588524803725
PROP-1282,Suburbs,SFH,4.0,2.0,,,"$312,431",131.15097910952377
PROP-1283,Downtown,Condo,4.0,1.5,1428.0,1993.0,"$519,914",9.699362947747861
PROP-1284,suburbs,Condo,3.0,2.0,930.0,1971.0,"$363,367.36",44.26651969204398
PROP-1285,Downtown,Townhouse,1.0,2.0,2288.0,1980.0,"$717,865.03",5.407491985953826
PROP-1286,Suburbs,Condo,2.0,3.0,6780.0,1956.0,531801.8,13.965172923551172
PROP-1287,suburbs,Condo,4.0,3.0,1155.0,1970.0,352286.5,20.420602835456403
PROP-1288,Suburbs,Single Family,5.0,2.0,2134.0,1965.0,,7.471813860268281
PROP-1289,suburbs,Condo,2.0,1.5,1553.0,1969.0,"$516,979.59",20.921722708068387
PROP-1290,Downtown,Single Family,1.0,1.0,2036.0,1992.0,509580.7,5.984352035182789
PROP-1291,Downtown,Condo,4.0,4.0,1796.0,1993.0,"$483,737.44",28.65538309471689
PROP-1292,north end,Condo,2.0,1.0,1102.0,1996.0,"$502,168",38.142687374823204
PROP-1293,Suburbs,Condo,3.0,1.5,1292.0,1968.0,392420.7,2.2563949295112797
PROP-1294,Downtown,Single Family,0.0,1.5,1166.0,1997.0,424946.9,71.71386578654867
PROP-1295,Suburbs,Single Family,1.0,1.5,1033.0,2018.0,"$368,682",7.165901601824593
PROP-1296,North End,Condo,3.0,1.5,847.0,1960.0,"$344,589.17",8.937600160429335
PROP-1297,downtown,Single Family,1.0,2.5,2896.0,1978.0,"$781,511.33",37.89756883858458
PROP-1298,North End,Single Family,2.0,1.0,1709.0,1994.0,569381.8,22.138359420006932
PROP-1299,Downtown,Single Family,4.0,2.0,1792.0,2017.0,586459.1,24.217868812009826
PROP-1300,Downtown,Duplex,3.0,1.0,2213.0,1985.0,"$642,216",4.800026191119952
PROP-1301,suburbs,Condo,,1.0,1287.0,1997.0, 392505 ,57.34877061706493
PROP-1302,suburbs,Single Family,3.0,3.0,954.0,1964.0, 334238 ,33.595167709931744
PROP-1303,North End,Single Family,2.0,1.5,1976.0,1993.0,"$513,813",5.0913638363137315
PROP-1304,North End,Single Family,2.0,2.5,1007.0,2016.0, 356426 ,16.394136385946524
PROP-1305,,condo,2.0,2.0,1960.0,2023.0,"$501,808",58.201187743177236
PROP-1306,Suburbs,Condo,2.0,1.0,903.0,1989.0,"$358,578",29.405316302760305
PROP-1307,Suburbs,Single Family,1.0,4.0,982.0,1963.0,"$379,352.55",4.0255859665721525
PROP-1308,north end,Single Family,2.0,1.5,1244.0,2012.0, 468993 ,16.325862444609793
PROP-1309,DOWNTOWN,Single Family,3.0,3.0,1936.0,2000.0,"$521,004",9.729594215560638
PROP-1310,Suburbs,Condo,3.0,1.5,2585.0,2007.0,"$666,771.87",25.504603927603494
PROP-1311,Downtown,condo,3.0,3.0,-1791.0,1964.0, 612606 ,64.88343074564696
PROP-1312,Downtown,Single Family,3.0,1.0,1261.0,2014.0,"$365,782",20.061117403555585
PROP-1313,Westbay,Single Family,1.0,2.0,2094.0,2004.0,702957.6,19.87997849013827
PROP-1314,West Bay,Single Family,2.0,2.5,894.0,1959.0,"$305,083.10",82.51526271359964
PROP-1315,North End,Duplex,3.0,3.0,1122.0,1991.0,"$355,638",30.046072456405515
PROP-1316,Suburbs,Single Family,3.0,3.0,1603.0,1960.0,"$540,486.90",29.230289738363243
PROP-1317,Downtown,condo,1.0,2.5,1998.0,,614204.2,10.629127743680636
PROP-1318,Downtown,Condo,4.0,3.0,1452.0,2022.0,"$543,312.99",32.752524464370225
PROP-1319,DOWNTOWN,single family,4.0,1.5,1400.0,,"$372,915",30.02337395015911
PROP-1320,suburbs,Single Family,3.0,1.5,1428.0,1980.0, 488083 ,17.695712816081606
PROP-1321,North End,Single Family,1.0,1.5,2207.0,2022.0,"$633,371",163.70424725950548
PROP-1322,North End,Condo,4.0,2.0,1191.0,2002.0,363652.9,74.76514693556635
PROP-1323,DOWNTOWN,condo,3.0,2.0,1097.0,1957.0,475943.0,48.46243112079739
PROP-1324,Westbay,Condo,4.0,2.0,1420.0,1973.0,"$473,002.85",26.97712202005313
PROP-1325,North End,Condo,4.0,1.5,2309.0,1957.0,N/A,21.700275832781216
PROP-1326,suburbs,Single Family,4.0,2.0,1237.0,1997.0,"$442,625.23",7.155444738182367
PROP-1327,North End,Duplex,3.0,1.5,1426.0,1979.0,"$385,963.08",12.771678867050525
PROP-1328,Suburbs,condo,2.0,1.5,889.0,2007.0,289356.8,52.04663949244339
PROP-1329,downtown,Single Family,3.0,2.0,1446.0,2004.0,453158.5,21.16368161549973
PROP-1330,Suburbs,Duplex,3.0,2.5,1681.0,2022.0,,74.87750569726491
PROP-1331,North End,Condo,3.0,2.5,1007.0,2011.0,"$428,950",5.60225601347165
PROP-1332,Downtown,Condo,2.0,2.0,2208.0,1997.0,"$595,924",24.849380190608713
PROP-1333,Downtown,Condo,2.0,1.5,1674.0,1953.0,"$468,207.30",36.44165050293024
PROP-1334,Downtown,Townhouse,4.0,2.0,1301.0,1986.0,"$458,873",25.459872181951724
PROP-1335,Downtown,Condo,3.0,1.0,1678.0,1957.0,"$513,107.15",77.00949332866719
PROP-1336,West Bay,Single Family,5.0,2.0,1826.0,1950.0,"$465,225",159.68487840888056
PROP-1337,North End,Single Family,4.0,2.0,805.0,2019.0,"$285,847",4.308891851549603
PROP-1338,Suburbs,town house,3.0,1.0,1700.0,1996.0, 515759 ,4.872358199888192
PROP-1339,Downtown,Single Family,3.0,1.5,2282.0,1954.0,"$645,019.40",4.887213837357659
PROP-1340,Suburbs,Single Family,4.0,4.0,1186.0,1999.0, 414907 ,40.00918216579949
PROP-1341,Suburbs,single family,3.0,4.0,1311.0,1973.0,"$379,845",16.320229717137256
PROP-1342,Downtown,single family,3.0,2.0,-1383.0,1996.0,448399.9,46.25900377632697
PROP-1343,Suburbs,Condo,2.0,1.0,2005.0,1967.0,"$633,748",18.19953026329224
PROP-1344,Suburbs,Duplex,3.0,1.5,1066.0,1977.0,254477.6,34.57316738511498
PROP-1345,North End,Single Family,3.0,2.0,-1798.0,1954.0,532821.7,51.41705778782316
PROP-1346,North End,Single Family,2.0,3.0,6263.0,1979.0,"$381,414",27.809281210014024
PROP-1347,Downtown,Single Family,2.0,1.0,2626.0,1950.0,"$726,372",27.14075770589515
PROP-1348,Suburbs,Townhouse,2.0,2.5,1419.0,1995.0,394434.9,3.2330290139570637
PROP-1349,North End,Condo,2.0,1.0,660.0,2018.0, 301260 ,18.513551302301735
PROP-1350,Suburbs,Single Family,2.0,,1908.0,1980.0,643039.4,27.620857230460878
PROP-1351,West Bay,Townhouse,3.0,2.0,1768.0,2019.0, 494781 ,21.695137780056406
PROP-1352,North End,Townhouse,5.0,2.5,1650.0,2005.0,"$475,558",80.86525410032529
PROP-1353,Downtown,Townhouse,3.0,1.5,10172.0,1977.0,"$626,165.41",82.95425294158265
PROP-1354,Downtown,town house,2.0,2.0,845.0,1965.0,"$350,273.88",60.39276888331668
PROP-1355,North End,Single Family,1.0,1.5,1128.0,2003.0,352285.5,16.46682322619346
PROP-1356,Downtown,condo,3.0,1.0,1536.0,2002.0,"$470,725.60",44.217810473743754
PROP-1357,suburbs,SFH,2.0,3.0,1621.0,1961.0,"$476,547.40",17.60513054337203
PROP-1358,Westbay,Townhouse,4.0,3.0,1461.0,1969.0, 450502 ,9.265856600718987
PROP-1359,suburbs,Condo,3.0,3.0,893.0,1983.0, 361423 ,14.697308085026018
PROP-1360,Suburbs,condo,4.0,2.0,1315.0,2002.0,"$464,100.61",2.576296493140312
PROP-1361,North End,Condo,2.0,2.5,2563.0,2013.0,"$647,306.50",14.10969316920741
PROP-1362,Suburbs,Single Family,3.0,1.0,1048.0,1972.0,"$395,302",21.6146546452387
PROP-1363,suburbs,Condo,2.0,1.5,1524.0,1976.0,N/A,108.91428979123562
PROP-1364,Westbay,nan,5.0,1.5,1800.0,1966.0, 615508 ,13.160658573966044
PROP-1365,Suburbs,town house,3.0,2.0,1986.0,1997.0,"$557,970.81",81.45992727282822
PROP-1366,Westbay,Single Family,2.0,2.0,1905.0,1970.0,575105.4,9.095908628268635
PROP-1367,West Bay,Single Family,2.0,1.0,1283.0,1999.0, 430750 ,7.417127107993287
PROP-1368,Downtown,Single Family,2.0,2.0,1126.0,1989.0,"$418,459",25.615749699190513
PROP-1369,Downtown,Condo,3.0,2.5,2634.0,1952.0,"$710,419.04",39.07056789724729
PROP-1370,Downtown,Townhouse,2.0,2.0,2050.0,1966.0,"$588,945",1.587073915626505
PROP-1371,Downtown,Single Family,3.0,1.0,1572.0,2010.0,"$463,024",8.744007560842809
PROP-1372,Downtown,Condo,2.0,1.5,2391.0,1999.0,"$725,316.88",21.287864700449926
PROP-1373,North End,Townhouse,3.0,1.5,888.0,, 359338 ,14.069219505780898
PROP-1374,Downtown,Condo,4.0,1.5,956.0,1977.0,"$374,602",43.64337785537835
PROP-1375,Suburbs,Condo,4.0,2.0,667.0,2021.0, 351588 ,25.05024412486509
PROP-1376,West Bay,Condo,4.0,2.0,1615.0,2004.0,"$560,824.17",6.11733448280909
PROP-1377,Downtown,Condo,2.0,2.0,1640.0,2007.0,"$557,908.64",78.70506776115636
PROP-1378,north end,Single Family,1.0,2.0,925.0,1994.0,407725.0,12.13069223893337
PROP-1379,Suburbs,Condo,3.0,2.5,2025.0,2021.0,"$665,924",45.973599424028926
PROP-1380,Downtown,Condo,2.0,1.5,757.0,1968.0,"$272,956",52.98107442737828
PROP-1381,North End,Townhouse,3.0,2.0,1731.0,1978.0,"$517,368",115.53880255246573
PROP-1382,North End,Condo,1.0,2.5,1861.0,1972.0,"$591,243.75",24.155829602591172
PROP-1383,West Bay,condo,2.0,1.5,1609.0,, 464080 ,33.48395655371531
PROP-1384,North End,Single Family,1.0,1.0,881.0,1959.0,"$327,480.52",14.272378077438322
PROP-1385,north end,SFH,4.0,3.0,2252.0,1998.0,"$654,269",39.68162451238038
PROP-1386,Suburbs,Single Family,2.0,1.5,1297.0,2014.0,"$1,487,668",21.786504808721123
PROP-1387,Downtown,Single Family,3.0,2.0,1299.0,1978.0,438679.8,20.14722682758904
PROP-1388,North End,Condo,1.0,1.0,1213.0,2008.0,"$365,418",67.69878796360189
PROP-1389,north end,nan,3.0,2.0,1927.0,1994.0,"$572,265.56",1.8014864063706302
PROP-1390,,Single Family,2.0,1.5,1277.0,2016.0,"$436,945",74.7863303947586
PROP-1391,Suburbs,single family,4.0,1.0,1015.0,2000.0,"$445,950.86",66.88552478324826
PROP-1392,Suburbs,Townhouse,4.0,2.0,2104.0,1960.0,"$600,774.78",24.70865042594523
PROP-1393,North End,Single Family,2.0,1.5,1512.0,1955.0,Unknown,23.580983500654245
PROP-1394,Suburbs,Condo,5.0,2.0,9578.0,2016.0,"$650,364",15.71902885806669
PROP-1395,Westbay,Condo,,1.0,1549.0,2011.0,"$347,998.53",180.08861025505863
PROP-1396,West Bay,Condo,4.0,1.0,1186.0,1954.0,"$396,635",4.124698800237078
PROP-1397,Suburbs,Single Family,4.0,1.5,-796.0,1958.0,302033.6,31.22431277258816
PROP-1398,North End,Single Family,2.0,1.0,1617.0,1977.0, 517574 ,40.064608787094826
PROP-1399,North End,condo,3.0,3.0,1384.0,1987.0,,95.3089621366416
PROP-1400,Downtown,Condo,1.0,1.0,1954.0,1992.0,"$649,615.48",53.02686012419602
PROP-1401,West Bay,Single Family,1.0,2.0,1257.0,1970.0,"$1,531,938",36.1338402119427
PROP-1402,Suburbs,condo,,1.0,1748.0,2011.0,464786.2,4.347614222785668
PROP-1403,north end,Single Family,2.0,1.5,1528.0,1995.0,Unknown,16.37927572752255
PROP-1404,Suburbs,Condo,3.0,3.0,1151.0,2019.0, 385075 ,5.231690406516643
PROP-1405,West Bay,Single Family,4.0,1.5,1291.0,1987.0,"$450,439",74.5647368701532
PROP-1406,Suburbs,Duplex,4.0,4.0,948.0,1998.0,"$361,199",48.46730456402376
PROP-1407,Downtown,Single Family,,1.5,2697.0,1988.0,712381.3,49.59168473856901
PROP-1408,West Bay,Single Family,2.0,2.5,1736.0,2020.0, 475544 ,36.97015668685976
PROP-1409,Downtown,Single Family,1.0,2.0,927.0,1979.0,314835.4,24.756704666941566
PROP-1410,Suburbs,Single Family,3.0,3.0,2649.0,1970.0,"$692,001",5.686970883558337
PROP-1411,Westbay,Townhouse,2.0,2.0,1043.0,1950.0,"$452,518",14.000779704782609
PROP-1412,Westbay,nan,1.0,2.0,1250.0,1981.0,"$390,370",5.153505605970387
PROP-1413,suburbs,Single Family,2.0,1.5,1418.0,1957.0,"$464,559.73",
PROP-1414,North End,single family,4.0,1.5,1541.0,2018.0,"$532,531",6.111902182630258
PROP-1415,Suburbs,Condo,3.0,3.0,1936.0,1979.0,"$584,758.75",42.386501707753844
PROP-1416,Suburbs,Townhouse,2.0,1.5,732.0,1957.0,"$262,276.03",41.24697594408817
PROP-1417,Suburbs,Condo,3.0,2.0,1549.0,1968.0,"$535,058",21.52146382115393
PROP-1418,North End,single family,2.0,2.5,1393.0,2008.0, 472446 ,5.085155145528813
PROP-1419,North End,single family,1.0,1.5,1627.0,2004.0,409603.0,13.231600137558772
PROP-1420,north end,Condo,4.0,4.0,1370.0,1979.0,"$507,544",
PROP-1421,north end,Single Family,3.0,2.5,1310.0,1985.0,"$477,429",42.184009217632195
PROP-1422,Downtown,Condo,4.0,2.0,1472.0,2004.0,"$489,009.64",4.22619136183203
PROP-1423,Suburbs,Single Family,1.0,3.0,2598.0,1993.0,795120.4,61.82726350283731
PROP-1424,Downtown,condo,4.0,1.0,1318.0,1976.0,"$478,258",50.096278063502346
PROP-1425,suburbs,Single Family,3.0,1.5,2218.0,2003.0, 688679 ,7.2160211702152806
PROP-1426,Suburbs,Condo,3.0,2.0,1604.0,1997.0, 549578 ,44.44950192752712
PROP-1427,West Bay,SFH,3.0,1.5,1580.0,1979.0,"$531,572.98",38.64585316365589
PROP-1428,Suburbs,Condo,4.0,2.5,1632.0,1988.0,"$428,490",48.258198517292556
PROP-1429,Downtown,Single Family,3.0,3.0,1798.0,1962.0,470380.8,7.3289697024444225
PROP-1430,Downtown,Condo,3.0,2.0,1352.0,1965.0,"$485,766.28",6.002109043354044
PROP-1431,North End,Condo,,1.5,2166.0,1993.0,"$682,032",9.443741299388016
PROP-1432,North End,Condo,4.0,4.0,1800.0,2020.0,514187.1,15.942639441867891
PROP-1433,Downtown,Condo,3.0,2.0,977.0,1976.0,"$314,809.52",55.23889439404346
PROP-1434,Downtown,Condo,3.0,2.0,662.0,1994.0,307497.6,46.86921758358189
PROP-1435,North End,Townhouse,2.0,2.0,2570.0,1984.0,650130.9,90.87073087858913
PROP-1436,Downtown,Single Family,2.0,3.0,1649.0,1977.0, 505245 ,2.1146492357568536
PROP-1437,north end,Townhouse,3.0,2.0,936.0,1956.0,"$340,002.22",0.4068250818790657
PROP-1438,North End,SFH,5.0,2.5,1318.0,2011.0,"$429,750.67",42.03872221057536
PROP-1439,Downtown,Single Family,5.0,2.5,2050.0,2000.0,Unknown,11.463023849124491
PROP-1440,Downtown,Single Family,2.0,1.5,-1443.0,1995.0, 438869 ,14.23044270274849
PROP-1441,,Single Family,3.0,2.0,1486.0,1969.0, 479341 ,27.699917702874412
PROP-1442,Suburbs,condo,2.0,2.5,1923.0,1987.0,"$513,980",3.7815877595959777
PROP-1443,Suburbs,Condo,,2.0,1701.0,2010.0,"$1,983,017",36.020736054981874
PROP-1444,north end,condo,,2.5,1843.0,1981.0,,13.76413677911347
PROP-1445,Westbay,Condo,3.0,3.0,1916.0,1975.0, 624569 ,35.05661263909234
PROP-1446,,single family,4.0,2.0,1197.0,2007.0, 302806 ,62.85331977796089
PROP-1447,North End,Single Family,3.0,2.5,1235.0,1988.0,419094.7,6.568430092771489
PROP-1448,Suburbs,Single Family,3.0,2.5,1149.0,1969.0, 408680 ,93.51339307030608
PROP-1449,Downtown,single family,1.0,2.5,1258.0,1999.0, 467738 ,26.477072547929307
PROP-1450,North End,Single Family,3.0,2.0,1467.0,2001.0, 443834 ,89.70542637907144
PROP-1451,suburbs,Single Family,3.0,1.0,1502.0,1971.0,"$515,941",8.149859897475144
PROP-1452,Suburbs,Condo,3.0,2.0,2366.0,2002.0,"$646,803",32.47170319167822
PROP-1453,West Bay,Condo,2.0,2.0,1674.0,2015.0,522548.1,18.106383028546407
PROP-1454,Downtown,nan,5.0,2.0,1477.0,1992.0,"$516,323",52.08713685082583
PROP-1455,Suburbs,town house,2.0,2.5,1065.0,1972.0,"$342,418",32.59106507264952
PROP-1456,Downtown,Condo,3.0,2.0,1380.0,2013.0,"$486,923.09",23.878323649339364
PROP-1457,Suburbs,single family,3.0,2.0,,1958.0,"$745,260.59",85.45878012778346
PROP-1458,Downtown,Condo,3.0,1.5,2623.0,1956.0,"$2,491,975",16.568883863638057
PROP-1459,Downtown,condo,3.0,2.5,1374.0,1990.0,"$422,287.81",8.69525934497008
PROP-1460,Downtown,Single Family,2.0,2.0,831.0,,"$238,378.83",32.78630607831634
PROP-1461,North End,single family,2.0,1.5,,2014.0,"$435,371",34.2384619230904
PROP-1462,North End,Townhouse,3.0,1.5,2375.0,1951.0,"$657,532.05",20.23710687560293
PROP-1463,suburbs,single family,3.0,2.5,1470.0,1953.0, 502226 ,23.335185083856196
PROP-1464,Westbay,Condo,2.0,2.0,1924.0,1981.0,"$597,380",112.2720566432049
PROP-1465,Suburbs,Condo,3.0,1.5,1527.0,1951.0,"$533,997",46.176554449970304
PROP-1466,Suburbs,Single Family,3.0,4.0,911.0,2013.0,"$400,121.52",4.102355956756399
PROP-1467,West Bay,Single Family,3.0,2.5,1545.0,1963.0,"$631,804.43",8.344779355693342
PROP-1468,downtown,Single Family,4.0,4.0,2008.0,1969.0,"$614,839",129.9275249927971
PROP-1469,Westbay,Single Family,2.0,2.0,1252.0,1998.0, 386700 ,
PROP-1470,Downtown,Single Family,1.0,2.0,-1990.0,1957.0, 625034 ,86.29722707502235
PROP-1471,Westbay,Townhouse,4.0,3.0,1577.0,2012.0,"$569,150.05",12.677230736153458
PROP-1472,Downtown,Single Family,3.0,2.0,1955.0,1995.0,"$601,468",47.39979233466953
PROP-1473,West Bay,Condo,3.0,2.5,1709.0,1970.0,"$430,441.63",43.81205284991699
PROP-1474,Suburbs,Single Family,4.0,1.5,1089.0,1981.0,414477.7,12.219124255114279
PROP-1475,,Duplex,4.0,2.0,1385.0,1957.0,426287.4,28.01131900588357
PROP-1476,Downtown,Single Family,0.0,1.0,1370.0,1965.0,"$391,875",34.5551632271322
PROP-1477,suburbs,single family,3.0,1.5,1232.0,1989.0,"$429,453",22.96368895933397
PROP-1478,Westbay,Townhouse,3.0,1.0,1665.0,1976.0, 447579 ,61.442402169577804
PROP-1479,Suburbs,Townhouse,3.0,1.0,2799.0,1967.0, 811857 ,62.61421575584615
PROP-1480,North End,Single Family,2.0,,2167.0,1984.0,"$659,705",66.53960867098866
PROP-1481,North End,Townhouse,3.0,1.5,,2001.0,644192.8,56.93463866881581
PROP-1482,Suburbs,single family,2.0,2.0,1207.0,1964.0,"$390,776",23.435779802259876
PROP-1483,North End,SFH,5.0,2.5,2277.0,2012.0,"$642,598",16.812541607920025
PROP-1484,suburbs,Single Family,3.0,2.0,2527.0,2002.0, 660417 ,62.302995206151074
PROP-1485,West Bay,Single Family,3.0,1.5,1194.0,2015.0,"$409,136",23.580887682815348
PROP-1486,Downtown,Condo,2.0,2.5,1772.0,, 411769 ,9.89994612081417
PROP-1487,Suburbs,SFH,1.0,2.0,1787.0,2010.0,"$547,171.03",24.778010878517108
PROP-1488,Westbay,single family,1.0,2.5,1418.0,2013.0,"$467,085",5.354165672886081
PROP-1489,West Bay,Condo,3.0,2.5,,1983.0,"$544,621.62",41.17586432312505
PROP-1490,Suburbs,condo,1.0,,1816.0,2004.0,"$563,029",14.32741046664143
PROP-1491,North End,Single Family,3.0,2.0,1449.0,2008.0,"$512,845",10.5698515118079
PROP-1492,DOWNTOWN,Condo,4.0,1.5,2133.0,1952.0,643818.2,109.7318398389867
PROP-1493,Downtown,Single Family,4.0,2.0,979.0,1966.0,"$411,976",52.50174994943207
PROP-1494,Suburbs,condo,3.0,1.0,1368.0,1995.0, 568894 ,54.13763146363693
PROP-1495,Suburbs,Condo,2.0,3.0,1936.0,1987.0,"$594,873.14",34.20994379037885
PROP-1496,suburbs,Duplex,4.0,1.0,2696.0,1984.0, 751357 ,63.95986966827047
PROP-1497,Downtown,Single Family,4.0,1.5,2178.0,1950.0,"$682,494",49.827146899679825
PROP-1498,,Single Family,2.0,2.5,1610.0,1978.0,"$483,104",31.96303887018758
PROP-1499,,Single Family,3.0,2.0,1472.0,1953.0,"$468,578.25",113.65859827525378
PROP-1500,North End,Single Family,2.0,2.0,1394.0,2010.0,"$475,524",7.444221616101954
PROP-1501,suburbs,Single Family,4.0,2.0,1396.0,1966.0,"$460,446",100.49858127075765
PROP-1502,Suburbs,town house,,3.0,794.0,1977.0,"$327,802",17.962890318873455
PROP-1503,north end,Single Family,1.0,1.5,2657.0,1999.0,775111.6,26.306768413940826
PROP-1504,North End,Single Family,4.0,3.0,,1957.0,405633.2,4.583288138268312
PROP-1505,Downtown,condo,3.0,1.0,5258.0,1983.0,498586.3,27.18668328783787
PROP-1506,West Bay,single family,99.0,2.5,1763.0,2008.0,"$559,629",33.06476503529699
PROP-1507,north end,condo,3.0,2.5,1200.0,1967.0,395898.1,212.64308563278396
PROP-1508,Westbay,Single Family,4.0,1.5,2065.0,2008.0, 677477 ,129.38119836042995
PROP-1509,North End,SFH,1.0,2.0,1181.0,1976.0,"$414,469.97",118.76020156984744
PROP-1510,North End,Single Family,2.0,1.5,1965.0,1965.0,"$588,245",14.990712745873354
PROP-1511,Suburbs,Single Family,1.0,2.5,1387.0,1959.0,"$445,433.72",165.92061252904432
PROP-1512,Westbay,town house,99.0,2.0,-1686.0,1971.0,N/A,21.274652412486184
PROP-1513,West Bay,Single Family,4.0,2.0,2015.0,1965.0,"$592,863.48",66.83030399731045
PROP-1514,Downtown,Condo,4.0,1.5,5768.0,1961.0,N/A,8.53140629899536
PROP-1515,Downtown,single family,5.0,1.5,1999.0,2000.0, 634657 ,24.670874402889197
PROP-1516,Suburbs,Single Family,1.0,1.0,807.0,1950.0,"$380,703",118.36127051439497
PROP-1517,north end,Townhouse,2.0,1.5,2460.0,1976.0,"$763,461.01",102.8319577511374
PROP-1518,,Single Family,1.0,2.0,2112.0,2016.0, 643179 ,40.29110480213568
PROP-1519,Downtown,Condo,2.0,3.0,1492.0,1961.0, 529743 ,55.949908297511534
PROP-1520,suburbs,Duplex,2.0,2.0,2237.0,1979.0,630581.1,6.7935951607437515
PROP-1521,Suburbs,Condo,3.0,2.0,2159.0,1958.0,"$671,124",44.76173378931328
PROP-1522,Westbay,town house,2.0,4.0,1537.0,2002.0,"$521,467",33.68636898673198
PROP-1523,West Bay,Single Family,2.0,2.5,6890.0,2010.0,"$510,724.22",3.3606068688117907
PROP-1524,West Bay,single family,2.0,3.0,1120.0,2003.0,"$326,435.34",4.203135163155331
PROP-1525,Suburbs,Single Family,2.0,2.0,1564.0,1986.0,"$476,591.22",4.017530980012506
PROP-1526,Suburbs,Condo,99.0,1.5,900.0,2014.0,"$346,021",45.10269723264749
PROP-1527,DOWNTOWN,nan,4.0,1.0,1957.0,1991.0,604541.5,5.348675830741283
PROP-1528,Downtown,Single Family,0.0,2.5,1971.0,1998.0,N/A,22.071303325517857
PROP-1529,West Bay,Condo,3.0,1.0,811.0,1953.0,"$367,090.81",15.455379081269028
PROP-1530,north end,Single Family,2.0,1.5,2379.0,2013.0,"$636,921.30",27.987002297099448
PROP-1531,,Condo,4.0,2.0,1244.0,2000.0, 402142 ,42.902913593196274
PROP-1532,,SFH,2.0,2.0,3586.0,2021.0,"$1,001,520",40.40057677758608
PROP-1533,suburbs,Duplex,2.0,2.0,1657.0,2009.0,"$490,979",25.363763411511705
PROP-1534,North End,Condo,2.0,1.5,2387.0,1980.0,"$720,954.96",21.848612707470274
PROP-1535,Westbay,Single Family,2.0,2.0,1108.0,2021.0,"$399,100",17.751704606471865
PROP-1536,West Bay,Single Family,2.0,2.0,1386.0,2007.0,"$447,385.59",69.29472403431025
PROP-1537,downtown,Single Family,2.0,4.0,1280.0,,"$408,630",14.061240410177064
PROP-1538,Suburbs,Single Family,3.0,2.5,-895.0,1971.0,"$209,740.01",10.508696148128276
PROP-1539,Downtown,Single Family,1.0,3.0,980.0,1952.0, 389862 ,47.59676424925421
PROP-1540,Westbay,Townhouse,2.0,2.5,1473.0,1996.0,"$426,609",15.607115293403236
PROP-1541,North End,Condo,4.0,2.0,1742.0,1987.0, 469506 ,65.70578720014056
PROP-1542,downtown,Condo,2.0,1.5,1068.0,,"$396,175",13.906597421589167
PROP-1543,North End,Single Family,2.0,2.0,1358.0,1997.0,"$494,988",42.366683001337144
PROP-1544,North End,Townhouse,4.0,2.0,1198.0,2014.0,"$337,096.03",1.6155330703168846
PROP-1545,Suburbs,Condo,2.0,2.0,1505.0,1975.0,"$526,260",17.04670388702987
PROP-1546,Downtown,Single Family,1.0,2.0,,1957.0,"$529,065",14.714758250434649
PROP-1547,North End,Condo,3.0,2.0,-1591.0,1999.0,"$529,251",59.37802997657725
PROP-1548,Suburbs,Condo,2.0,1.5,1261.0,1987.0, 453558 ,119.45248049455071
PROP-1549,North End,Single Family,3.0,2.0,2135.0,1959.0, 610392 ,
PROP-1550,Suburbs,single family,4.0,1.5,1724.0,1991.0, 530569 ,60.971196415496884
PROP-1551,West Bay,SFH,2.0,2.5,1607.0,1986.0,"$485,615.58",42.10344804116214
PROP-1552,suburbs,Single Family,3.0,1.5,1073.0,1975.0,"$397,883",119.80546398419354
PROP-1553,suburbs,Duplex,3.0,1.0,2059.0,1961.0,"$614,541.65",58.33039025701076
PROP-1554,West Bay,Townhouse,2.0,2.0,1781.0,1998.0,"$500,152",2.8225444315961687
PROP-1555,Suburbs,Condo,3.0,2.0,1811.0,1963.0,"$487,340",43.72393047421433
PROP-1556,Downtown,SFH,2.0,2.0,1425.0,1995.0,"$508,955.85",26.837758782616906
PROP-1557,Downtown,single family,3.0,1.5,1341.0,,454244.0,0.5800419959012897
PROP-1558,North End,Condo,1.0,2.0,2662.0,,"$774,803",10.130197636892747
PROP-1559,North End,Condo,3.0,1.5,1334.0,1961.0,"$413,412",89.17697183171346
PROP-1560,North End,Single Family,2.0,3.0,1001.0,1993.0,Unknown,91.15819621552139
PROP-1561,downtown,Condo,4.0,3.0,1633.0,2015.0,"$463,750",56.129733395295105
PROP-1562,Downtown,Townhouse,1.0,2.0,1532.0,1951.0,478981.2,140.18247646907565
PROP-1563,Downtown,single family,3.0,1.5,2167.0,2008.0,"$637,245",
PROP-1564,Suburbs,Single Family,3.0,2.5,1461.0,1966.0,447001.1,0.3589812418146117
PROP-1565,suburbs,condo,3.0,1.0,1888.0,1959.0,"$635,684.27",11.880565428106738
PROP-1566,Suburbs,Single Family,3.0,2.0,2434.0,1967.0,"$656,637",1.0886015508998652
PROP-1567,Suburbs,Single Family,3.0,1.5,1746.0,1971.0, 545371 ,3.459230279139914
PROP-1568,West Bay,Single Family,4.0,3.0,1091.0,2007.0,"$350,266",8.644171563495085
PROP-1569,Suburbs,Single Family,4.0,1.0,798.0,2002.0,"$295,226.77",24.51014021845833
PROP-1570,Suburbs,condo,2.0,2.0,1763.0,1950.0,"$533,869",65.82801973039014
PROP-1571,north end,Condo,3.0,2.5,1365.0,2010.0,"$412,896",69.3091253898328
PROP-1572,Suburbs,Single Family,4.0,2.0,1670.0,1980.0, 521349 ,33.517348827737784
PROP-1573,North End,Townhouse,,1.0,1536.0,1980.0, 507762 ,92.1737511998387
PROP-1574,West Bay,Townhouse,4.0,,994.0,1820.0, 417784 ,24.264514452857522
PROP-1575,Westbay,Townhouse,2.0,2.0,,,"$422,282",76.94924483134409
PROP-1576,Downtown,Single Family,2.0,2.0,1070.0,2002.0,"$393,021.14",21.183953961504812
PROP-1577,West Bay,single family,3.0,1.5,1301.0,2023.0,"$433,428",11.363006159584424
PROP-1578,Suburbs,nan,3.0,2.0,,1971.0, 519415 ,86.86532027473079
PROP-1579,DOWNTOWN,condo,3.0,2.0,1576.0,1972.0,445847.0,17.182092081155233
PROP-1580,Suburbs,Single Family,3.0,1.0,1850.0,1964.0,,24.499253796293345
PROP-1581,,Single Family,4.0,1.0,1618.0,1975.0,"$444,980",13.957246185078713
PROP-1582,Suburbs,SFH,2.0,2.5,1397.0,1952.0,"$454,051.01",38.05166982604237
PROP-1583,Suburbs,town house,4.0,1.5,1671.0,,"$422,157.05",185.66036822698499
PROP-1584,North End,Condo,3.0,1.5,848.0,1989.0,"$331,969",0.9045632236438992
PROP-1585,downtown,SFH,2.0,2.0,1960.0,1988.0,"$488,708",80.53732074516181
PROP-1586,Downtown,Single Family,3.0,2.5,1158.0,2021.0,N/A,0.13768244639001953
PROP-1587,Downtown,Condo,4.0,1.0,1812.0,1967.0, 528947 ,
PROP-1588,Downtown,Townhouse,2.0,2.0,1379.0,1990.0, 458887 ,6.46283535580551
PROP-1589,Downtown,single family,2.0,1.0,994.0,2019.0,357266.6,49.56354656831443
PROP-1590,Downtown,condo,-1.0,1.0,1225.0,1976.0,"$363,811.75",1.817777201280537
PROP-1591,North End,Duplex,2.0,1.0,1815.0,1964.0,"$494,548",28.21987632289122
PROP-1592,Downtown,Single Family,3.0,2.5,2957.0,1986.0,"$727,889",12.230844743979848
PROP-1593,Suburbs,Condo,3.0,1.0,6768.0,2007.0,"$490,171.63",5.022138376957635
PROP-1594,West Bay,Single Family,3.0,1.0,2832.0,1954.0,"$780,376",51.716442833139816
PROP-1595,Suburbs,condo,3.0,2.0,847.0,2022.0, 366558 ,8.5804278039712
PROP-1596,North End,Condo,2.0,2.5,573.0,1956.0,N/A,8.861450681878358
PROP-1597,Downtown,Condo,3.0,1.5,1414.0,1990.0,383007.9,11.259133909500584
PROP-1598,Downtown,condo,2.0,2.0,1504.0,1959.0, 466748 ,30.931008812580327
PROP-1599,Downtown,single family,3.0,1.0,1846.0,2011.0, 556668 ,37.723965646894364
PROP-1600,Downtown,town house,2.0,2.0,1241.0,1975.0, 370513 ,0.6215751677377973
PROP-1601,DOWNTOWN,Condo,3.0,2.0,1722.0,2017.0,"$480,638",9.691497343800124
PROP-1602,Downtown,Single Family,2.0,2.0,1437.0,1973.0, 486460 ,19.733826096897445
PROP-1603,Downtown,Condo,2.0,1.5,2271.0,1990.0,"$654,068",14.120141115081841
PROP-1604,Downtown,condo,2.0,1.5,1634.0,2014.0,560369.1,75.44730778212988
PROP-1605,Suburbs,Single Family,2.0,1.0,3475.0,1966.0,"$992,094.50",54.24286127221553
PROP-1606,downtown,Townhouse,4.0,2.0,1441.0,1973.0,"$399,379.44",34.41220941558406
PROP-1607,Suburbs,town house,2.0,1.0,2221.0,1976.0,"$619,697",14.43938291603292
PROP-1608,Suburbs,Single Family,5.0,2.5,2456.0,1956.0,"$695,803.17",42.217576413152386
PROP-1609,North End,nan,0.0,4.0,593.0,2022.0,"$296,744",64.94535352543865
PROP-1610,Downtown,Single Family,3.0,,1951.0,1961.0,"$625,012",31.620731737732804
PROP-1611,north end,Single Family,2.0,3.0,4442.0,1952.0,399931.5,53.71154521261238
PROP-1612,North End,Single Family,2.0,2.0,1424.0,1959.0,"$514,427",48.395221007573575
PROP-1613,Downtown,Townhouse,4.0,2.5,1041.0,1982.0,"$381,711",29.680647944574748
PROP-1614,West Bay,Condo,2.0,1.5,2284.0,1995.0,"$624,216.83",13.098147301172855
PROP-1615,West Bay,Single Family,1.0,2.0,1265.0,2008.0,"$515,959",47.93473068535242
PROP-1616,Downtown,single family,3.0,2.0,830.0,2001.0,"$339,563",8.108635547444944
PROP-1617,DOWNTOWN,Condo,4.0,2.0,1647.0,1820.0, 501380 ,52.91316572578885
PROP-1618,north end,Single Family,4.0,2.5,2399.0,,"$629,496.95",57.13518168998063
PROP-1619,North End,Townhouse,2.0,1.5,1045.0,1978.0,"$387,163.40",60.43750965985937
PROP-1620,Downtown,Townhouse,3.0,1.5,-2036.0,1989.0,"$643,224",22.413835335238176
PROP-1621,downtown,Condo,2.0,3.0,-753.0,2010.0,"$293,077",7.482594250823018
PROP-1622,Suburbs,Duplex,2.0,1.0,2457.0,2017.0,"$684,627",3.67687081191733
PROP-1623,Suburbs,single family,4.0,2.0,1758.0,2017.0, 547905 ,47.60300393985393
PROP-1624,North End,nan,2.0,3.0,1008.0,1978.0,"$392,999.65",76.08483084784295
PROP-1625,Suburbs,Condo,2.0,2.0,1974.0,2011.0,"$572,609",36.82771080827515
PROP-1626,Suburbs,Condo,1.0,2.0,5799.0,2009.0,"$415,772",5.448516736584221
PROP-1627,North End,Single Family,4.0,1.5,1121.0,1990.0,"$373,611.61",95.61216619479376
PROP-1628,Downtown,Townhouse,4.0,1.5,-1279.0,2014.0, 381619 ,158.17120644323052
PROP-1629,DOWNTOWN,single family,3.0,3.0,1907.0,2013.0,"$534,990",19.882237923914154
PROP-1630,North End,Single Family,4.0,2.0,1097.0,2012.0,"$355,422",31.620292213507827
PROP-1631,West Bay,Single Family,2.0,2.0,653.0,1997.0, 224366 ,52.55630752089888
PROP-1632,Suburbs,Condo,3.0,1.0,1301.0,1969.0,"$480,959.96",46.66493105277672
PROP-1633,suburbs,Condo,2.0,1.0,2316.0,1986.0,675701.6,120.23868988172175
PROP-1634,Downtown,Condo,1.0,4.0,2305.0,2013.0,"$663,592",4.271243977796682
PROP-1635,Suburbs,Townhouse,3.0,2.0,-1279.0,1954.0,"$489,987",30.42297756770264
PROP-1636,suburbs,Single Family,5.0,2.0,1263.0,1983.0,460218.1,41.21015000883643
PROP-1637,downtown,Condo,1.0,1.0,1237.0,1988.0, 386617 ,77.28595276757704
PROP-1638,DOWNTOWN,Single Family,2.0,2.0,1219.0,2016.0,"$470,919",72.53203342030827
PROP-1639,Suburbs,Townhouse,2.0,3.0,1247.0,2011.0, 468064 ,133.58462047315413
PROP-1640,Downtown,Townhouse,2.0,2.0,1673.0,1973.0,"$467,756",25.116022831165242
PROP-1641,Suburbs,Condo,5.0,1.0,2335.0,1952.0,"$704,354",62.17549012297606
PROP-1642,downtown,Condo,3.0,2.0,1096.0,2020.0,,19.50764621333739
PROP-1643,Suburbs,Single Family,3.0,2.5,1166.0,2016.0,"$451,326.41",19.205360967922
PROP-1644,Downtown,SFH,4.0,2.0,1737.0,1999.0, 516827 ,10.225479389797998
PROP-1645,West Bay,Townhouse,2.0,3.0,1944.0,1978.0,,59.676862608654694
PROP-1646,suburbs,single family,3.0,2.0,900.0,2023.0,"$328,697.40",148.94521845997377
PROP-1647,North End,Single Family,3.0,3.0,2625.0,1981.0, 683647 ,10.366078168598243
PROP-1648,north end,SFH,3.0,2.0,641.0,1988.0,N/A,2.021898082505506
PROP-1649,Suburbs,Townhouse,,1.0,1381.0,1958.0,"$341,454.35",59.16175492744225
PROP-1650,Downtown,Single Family,4.0,1.5,930.0,1963.0,"$307,109",33.88663638494352
PROP-1651,suburbs,Single Family,2.0,1.5,885.0,2017.0,"$463,102",112.3980916614513
PROP-1652,suburbs,Condo,4.0,3.0,-867.0,2013.0, 362210 ,10.17352573154747
PROP-1653,North End,Townhouse,2.0,2.5,2206.0,1969.0,"$719,242",2.5786709343674366
PROP-1654,Suburbs,Single Family,1.0,2.0,1580.0,1977.0,"$483,276",23.735068099612803
PROP-1655,Downtown,Single Family,2.0,1.5,2213.0,1963.0, 615790 ,3.12692303585969
PROP-1656,Suburbs,Single Family,2.0,1.5,1481.0,1993.0,"$553,031",
PROP-1657,Suburbs,Single Family,3.0,2.5,2192.0,1988.0,"$649,129",4.712735047191704
PROP-1658,North End,single family,3.0,2.0,1469.0,1977.0,430085.9,8.882058777235336
PROP-1659,suburbs,Condo,5.0,1.5,473.0,2013.0,"$282,488",3.9273962332879546
PROP-1660,Suburbs,Condo,3.0,2.0,1844.0,1981.0,"$2,141,610",107.69753669041187
PROP-1661,,Condo,3.0,1.0,1515.0,1958.0,N/A,11.427843891600801
PROP-1662,North End,Single Family,1.0,1.5,1439.0,1977.0,"$487,444",20.53809813435795
PROP-1663,downtown,Townhouse,1.0,2.0,1133.0,1966.0,N/A,80.10795242458032
PROP-1664,Downtown,SFH,3.0,1.0,1928.0,2004.0,"$627,992",39.58846780316134
PROP-1665,Downtown,Duplex,3.0,,1047.0,1959.0, 390738 ,33.68514771451113
PROP-1666,downtown,Condo,4.0,1.5,8671.0,1955.0,"$602,235",42.79418035205725
PROP-1667,Downtown,Single Family,2.0,1.0,1604.0,1997.0,"$493,062.22",61.77684905639579
PROP-1668,Downtown,Condo,1.0,1.5,1944.0,2016.0, 497533 ,73.53594440203035
PROP-1669,Suburbs,Single Family,3.0,2.5,1650.0,1990.0,"$493,133.09",36.01537381263822
PROP-1670,Downtown,Condo,2.0,2.0,2273.0,2009.0, 691952 ,77.25693671356449
PROP-1671,West Bay,Single Family,1.0,2.0,1784.0,1991.0,"$632,106",26.830059785109306
PROP-1672,Downtown,Single Family,3.0,1.0,1615.0,2020.0,"$518,041.44",11.366195000710578
PROP-1673,Suburbs,Townhouse,2.0,1.0,627.0,1977.0,257054.6,74.23160434550847
PROP-1674,Suburbs,Single Family,3.0,2.0,2305.0,1962.0,"$681,147.89",27.290750373182465
PROP-1675,,Townhouse,2.0,2.5,863.0,1964.0,377740.0,82.80738432706431
PROP-1676,Downtown,Single Family,2.0,3.0,960.0,1985.0,N/A,1.4348885599706531
PROP-1677,Suburbs,Condo,2.0,1.0,2006.0,1964.0,"$594,417.57",17.73428151585941
PROP-1678,Westbay,Condo,4.0,2.0,1561.0,2005.0,"$502,941.78",103.346912407447
PROP-1679,West Bay,Condo,2.0,3.0,876.0,1953.0,N/A,10.05254733910678
PROP-1680,north end,Single Family,4.0,2.0,1263.0,2001.0, 441182 ,99.37719075099776
PROP-1681,DOWNTOWN,Single Family,2.0,2.5,2263.0,1959.0,"$730,095",107.6948501004699
PROP-1682,Downtown,Single Family,4.0,1.0,1634.0,1994.0, 417873 ,74.83971023007246
PROP-1683,North End,Single Family,2.0,3.0,,1978.0,"$485,437.40",29.027318630067967
PROP-1684,West Bay,Condo,3.0,2.5,1210.0,2002.0,"$374,301",36.439049654327796
PROP-1685,suburbs,town house,3.0,3.0,2030.0,1978.0,"$649,634",71.30476479690714
PROP-1686,suburbs,Townhouse,5.0,2.0,1496.0,1972.0,"$472,704",52.34774576583581
PROP-1687,DOWNTOWN,condo,2.0,2.0,1902.0,2006.0,"$2,077,379",34.80770834430893
PROP-1688,North End,condo,1.0,3.0,1168.0,1999.0,"$471,150",141.1164973559631
PROP-1689,Downtown,Condo,1.0,1.5,13332.0,1970.0,"$753,143.46",40.50665508337031
PROP-1690,Suburbs,Single Family,4.0,1.5,2403.0,1992.0, 654932 ,129.79216002483642
PROP-1691,Suburbs,town house,3.0,2.5,1628.0,1959.0, 567671 ,2.0685363065845586
PROP-1692,Suburbs,Condo,4.0,2.5,1746.0,1979.0,"$483,677",5.236516201038066
PROP-1693,downtown,Condo,2.0,3.0,1267.0,2000.0,"$406,463.29",21.01725402001121
PROP-1694,Downtown,Single Family,2.0,1.5,1952.0,1982.0,"$507,510.81",17.007796113655854
PROP-1695,North End,single family,1.0,2.5,674.0,1967.0,"$359,722",53.43228597557588
PROP-1696,Suburbs,SFH,0.0,2.5,2610.0,1971.0,"$698,118.28",6.127962341748831
PROP-1697,suburbs,Townhouse,3.0,1.0,1914.0,2013.0,"$586,886.53",130.6786295349215
PROP-1698,Downtown,Condo,5.0,2.0,1088.0,1970.0, 419884 ,13.245141476296933
PROP-1699,Suburbs,single family,2.0,1.5,2588.0,1950.0,"$683,204",19.608136330576553
PROP-1700,suburbs,Duplex,3.0,1.5,2871.0,1964.0,"$695,952",11.243120229568277
PROP-1701,Downtown,Single Family,3.0,,1778.0,1985.0,"$531,197.73",30.309528116548762
PROP-1702,Suburbs,single family,2.0,2.0,1175.0,1996.0,397795.7,2.114617310336116
PROP-1703,Downtown,Single Family,4.0,2.5,1582.0,2003.0,"$495,270.46",5.674885868487346
PROP-1704,Downtown,Condo,5.0,,1863.0,1981.0, 557313 ,47.93687100029951
PROP-1705,,town house,4.0,2.0,1728.0,2007.0,507727.3,7.224352431706632
PROP-1706,Suburbs,Single Family,3.0,2.5,1089.0,1995.0, 365288 ,9.399325497468052
PROP-1707,north end,Townhouse,2.0,2.0,1851.0,2003.0,570699.5,55.12327350755728
PROP-1708,DOWNTOWN,Single Family,2.0,3.0,2254.0,1982.0,"$608,801",3.428073037967441
PROP-1709,North End,town house,0.0,1.5,1000.0,1988.0,"$365,650.89",20.13611630415369
PROP-1710,North End,condo,1.0,3.0,1041.0,1972.0,"$353,682.74",0.8166727892180234
PROP-1711,suburbs,Townhouse,3.0,1.5,1249.0,1992.0,"$438,078.24",14.905913601192953
PROP-1712,Suburbs,Single Family,3.0,1.5,1449.0,2004.0,N/A,42.02041307784483
PROP-1713,Suburbs,Duplex,3.0,2.5,2047.0,1951.0,"$652,060",3.3048463037432914
PROP-1714,Suburbs,Condo,,2.0,2245.0,2015.0,"$702,021.34",76.72870166449735
PROP-1715,West Bay,Single Family,2.0,2.0,1157.0,1987.0, 389535 ,84.08381985820135
PROP-1716,West Bay,Townhouse,2.0,2.0,7507.0,1978.0,"$505,748",3.8822282350242183
PROP-1717,Westbay,Single Family,1.0,2.5,2215.0,2016.0,"$580,111",163.84321651799348
PROP-1718,Downtown,Townhouse,3.0,1.5,3023.0,2020.0,799560.7,12.360318164233638
PROP-1719,North End,Single Family,2.0,1.0,1665.0,1985.0,"$502,549.71",3.0747470303736253
PROP-1720,Westbay,Condo,2.0,1.5,1696.0,1978.0, 495338 ,0.1777998549095567
PROP-1721,Downtown,Condo,4.0,2.0,1781.0,1986.0, 513896 ,18.37963064987717
PROP-1722,Downtown,Single Family,5.0,1.5,1398.0,1994.0,"$381,076.10",34.78085985573543
PROP-1723,North End,Single Family,2.0,2.0,1623.0,1965.0,"$446,584",14.130741787163224
PROP-1724,suburbs,Single Family,2.0,2.0,733.0,1980.0,"$313,275",63.429541895822595
PROP-1725,West Bay,SFH,5.0,1.0,5711.0,1983.0, 432897 ,44.13213335347381
PROP-1726,Downtown,Single Family,1.0,2.0,1842.0,1999.0,"$576,914",15.08610101937436
PROP-1727,north end,Condo,1.0,3.0,1134.0,2014.0,"$387,828",46.38983329904014
PROP-1728,downtown,Single Family,2.0,1.5,2063.0,2011.0, 604419 ,98.75505102082808
PROP-1729,Downtown,Single Family,3.0,2.0,,1992.0,"$387,370.93",3.420153670576248
PROP-1730,Downtown,Condo,2.0,2.0,2036.0,2005.0, 595597 ,12.790159486798931
PROP-1731,north end,Single Family,0.0,2.0,2034.0,1964.0,569127.3,21.782751610312904
PROP-1732,North End,town house,3.0,2.5,3042.0,1997.0,765640.9,24.119742277981825
PROP-1733,Suburbs,Townhouse,3.0,2.0,1379.0,1998.0, 489224 ,27.34596754303191
PROP-1734,Suburbs,Condo,2.0,2.0,1561.0,1993.0,"$416,780",12.51498240931003
PROP-1735,West Bay,Condo,3.0,1.0,2521.0,1959.0,666982.8,38.51374837815149
PROP-1736,Suburbs,Townhouse,3.0,2.0,2409.0,1969.0,"$698,923",36.255644458407005
PROP-1737,north end,Single Family,4.0,2.0,2165.0,2019.0,"$540,583",30.181447920846704
PROP-1738,Suburbs,Single Family,4.0,1.0,1748.0,1957.0,"$506,889.36",4.226929959463902
PROP-1739,Suburbs,Single Family,3.0,2.0,11240.0,1994.0,705306.6,
PROP-1740,Suburbs,condo,5.0,,-3421.0,1983.0, 885280 ,15.41431236518462
PROP-1741,Suburbs,Single Family,4.0,2.0,1899.0,2000.0, 523533 ,23.63839955881668
PROP-1742,North End,Condo,4.0,2.0,1586.0,1953.0,,89.22674430342155
PROP-1743,Suburbs,nan,1.0,3.0,1975.0,1988.0, 621263 ,22.923208125314677
PROP-1744,downtown,Townhouse,1.0,2.5,1657.0,1973.0, 597035 ,0.4927805286691612
PROP-1745,West Bay,Condo,2.0,2.0,6389.0,2004.0,"$468,631",20.221018871882922
PROP-1746,Suburbs,Single Family,3.0,2.5,2066.0,1975.0,"$515,074.71",60.144207465120985
PROP-1747,suburbs,Townhouse,3.0,3.0,1311.0,1974.0,"$463,987",53.00416431447114
PROP-1748,West Bay,Condo,3.0,2.0,1886.0,1985.0,"$547,046.74",25.210235721524338
PROP-1749,North End,Single Family,4.0,2.0,889.0,2020.0,"$296,369",10.058094795508145
PROP-1750,Downtown,Single Family,4.0,2.0,2651.0,2023.0,"$697,184.06",21.89789948128874
PROP-1751,Westbay,town house,5.0,4.0,1186.0,2007.0,"$376,852.75",29.030060002091453
PROP-1752,North End,Condo,2.0,2.0,954.0,1961.0,"$296,286.86",313.56854942098937
PROP-1753,Suburbs,Townhouse,3.0,1.0,2381.0,1950.0,"$670,962.00",36.16637243041531
PROP-1754,Downtown,Townhouse,2.0,3.0,2533.0,1999.0,,41.47627177945942
PROP-1755,north end,Condo,2.0,2.0,1736.0,1974.0,482436.9,23.666996071330594
PROP-1756,North End,Condo,2.0,1.0,1510.0,1954.0,"$563,111",15.319985836328982
PROP-1757,suburbs,single family,2.0,2.0,1390.0,2017.0,"$465,185",58.6738344284002
PROP-1758,West Bay,Single Family,3.0,2.0,,1955.0,"$520,757",23.907199661661533
PROP-1759,north end,single family,4.0,3.0,1539.0,1975.0,"$474,031",183.3365771809696
PROP-1760,Downtown,condo,2.0,1.5,1475.0,2004.0,438302.9,
PROP-1761,Suburbs,Condo,3.0,2.5,1142.0,2055.0,"$414,459.42",2.4647969023820226
PROP-1762,downtown,Townhouse,3.0,2.0,1029.0,1958.0,"$399,910.21",40.16332572029244
PROP-1763,North End,single family,2.0,1.0,1607.0,1994.0,394367.5,1.6717474937913768
PROP-1764,Downtown,Condo,3.0,,1687.0,1963.0,"$635,527",10.092288221461558
PROP-1765,suburbs,Condo,2.0,2.0,1210.0,2004.0,N/A,15.279273653284083
PROP-1766,North End,Condo,3.0,1.5,1269.0,1958.0,"$405,623.74",47.0781293053142
PROP-1767,West Bay,Condo,3.0,2.0,1685.0,1964.0,N/A,23.858974165220523
PROP-1768,Suburbs,Single Family,2.0,3.0,1132.0,1986.0,1354460.3,1.0172481833583848
PROP-1769,north end,Condo,2.0,1.5,2194.0,1999.0,"$611,850.46",33.57649166915055
PROP-1770,Downtown,Single Family,3.0,1.5,1861.0,2021.0,536294.3,18.552450368645868
PROP-1771,West Bay,single family,5.0,1.0,1206.0,1970.0,428952.4,89.21244614664579
PROP-1772,Downtown,SFH,2.0,1.5,1829.0,2006.0,"$541,358",24.229526501601473
PROP-1773,Suburbs,Condo,3.0,2.5,1142.0,1968.0,Unknown,
PROP-1774,north end,Duplex,3.0,2.0,2038.0,2007.0,"$542,592.81",8.645411586575083
PROP-1775,Downtown,Condo,5.0,1.5,1157.0,1955.0,"$408,062",50.09133935795997
PROP-1776,downtown,Condo,4.0,1.5,1500.0,1953.0,"$451,601",44.673416637847794
PROP-1777,North End,Condo,3.0,1.5,1640.0,1992.0,"$494,049",82.04905031995936
PROP-1778,North End,Condo,3.0,3.0,2520.0,1991.0,"$716,469",1.2042389068947723
PROP-1779,North End,Single Family,4.0,1.5,1183.0,1952.0,387553.5,20.765608788646627
PROP-1780,North End,Single Family,2.0,,,1950.0,"$401,842",39.787943781620335
PROP-1781,suburbs,Single Family,2.0,2.0,909.0,2004.0,"$298,041",3.5000509860653355
PROP-1782,DOWNTOWN,SFH,1.0,1.5,2774.0,1964.0,809679.1,18.50299882173861
PROP-1783,Suburbs,Single Family,4.0,3.0,1579.0,1996.0,"$530,053.83",99.74450875833189
PROP-1784,Downtown,Single Family,4.0,2.0,2212.0,1995.0,"$2,243,796.65",20.040470916438593
PROP-1785,West Bay,Single Family,2.0,2.5,1276.0,,"$419,905.78",147.9471503864138
PROP-1786,suburbs,Duplex,3.0,,1317.0,2020.0,"$435,087.71",2.0481420391292025
PROP-1787,Suburbs,Single Family,3.0,1.0,1536.0,1988.0,"$536,204",44.28356658073939
PROP-1788,Suburbs,SFH,2.0,1.0,1551.0,1952.0,"$520,864.34",30.447308843233436
PROP-1789,Westbay,Single Family,,2.5,1951.0,1979.0,"$628,271",24.297949121127534
PROP-1790,Downtown,Condo,2.0,1.5,1594.0,1984.0,485288.7,123.73239295470553
PROP-1791,suburbs,Single Family,1.0,1.5,1371.0,2006.0,"$473,410.15",4.860110833656318
PROP-1792,Suburbs,Single Family,3.0,1.0,2793.0,1978.0,"$2,862,709",79.21740049651223
PROP-1793,North End,Condo,3.0,1.0,1137.0,1999.0,"$358,464.96",41.13173170661779
PROP-1794,Downtown,Single Family,1.0,2.5,1185.0,2011.0,"$366,231.70",10.49122740782591
PROP-1795,West Bay,Single Family,3.0,1.0,1143.0,2001.0,"$413,754",81.17960975068463
PROP-1796,Westbay,Single Family,3.0,2.0,1976.0,,529219.9,19.630894373366466
PROP-1797,suburbs,Single Family,2.0,2.0,-1810.0,1984.0,"$466,471",58.91310413444065
PROP-1798,North End,Single Family,2.0,2.0,1477.0,1977.0,,17.23367762874779
PROP-1799,West Bay,Single Family,3.0,1.0,1122.0,2007.0,"$457,617",66.61706923727625
PROP-1800,North End,Townhouse,2.0,2.5,1637.0,1979.0,"$457,092.69",35.43159389131001
PROP-1801,Downtown,Condo,5.0,1.0,2069.0,1956.0,"$540,718.17",5.321422634315854
PROP-1802,suburbs,Condo,4.0,2.5,2556.0,1988.0,"$682,828",36.710106902421664
PROP-1803,North End,Single Family,,3.0,1258.0,2018.0,,7.433391414499444
PROP-1804,Suburbs,town house,2.0,2.0,1476.0,1984.0,"$456,180",18.58138640841266
PROP-1805,North End,single family,0.0,2.0,1804.0,2001.0,"$551,150",6.534001852844755
PROP-1806,Westbay,Single Family,3.0,2.0,1366.0,1963.0,"$465,241",0.7791730544613523
PROP-1807,West Bay,Condo,2.0,2.0,960.0,2012.0,N/A,
PROP-1808,Suburbs,Single Family,1.0,3.0,1478.0,1985.0,542450.9,26.903548826598243
PROP-1809,Downtown,Single Family,1.0,3.0,1003.0,1973.0,"$338,173",22.9926495098691
PROP-1810,,Condo,3.0,1.5,2129.0,1989.0, 613718 ,24.365105211654328
PROP-1811,West Bay,Townhouse,3.0,2.0,1404.0,1978.0,"$469,267.96",9.961092982822814
PROP-1812,Downtown,SFH,2.0,3.0,1528.0,2002.0,"$483,921",40.44930816940076
PROP-1813,West Bay,Condo,3.0,4.0,5382.0,1971.0,"$358,238",42.63999960442395
PROP-1814,West Bay,nan,2.0,2.0,1548.0,2021.0,"$424,255.69",15.509090120904151
PROP-1815,Suburbs,Single Family,3.0,2.0,2340.0,1964.0,N/A,74.55217431285996
PROP-1816,suburbs,Single Family,2.0,1.5,2207.0,2018.0,"$668,251",36.15114179337876
PROP-1817,Suburbs,single family,4.0,4.0,1056.0,2013.0,345470.3,43.69434720623186
PROP-1818,Downtown,single family,4.0,1.0,519.0,1953.0,"$285,268",11.368571083497006
PROP-1819,Suburbs,single family,3.0,2.0,1482.0,1967.0,"$479,973.19",0.021413779823598017
PROP-1820,north end,town house,2.0,1.5,1407.0,1991.0,"$415,660",
PROP-1821,Downtown,Condo,2.0,1.5,1378.0,1979.0,410361.9,60.4925565444423
PROP-1822,Suburbs,Condo,4.0,2.0,1285.0,1964.0, 438790 ,4.601348886932497
PROP-1823,Suburbs,Single Family,2.0,,1048.0,2019.0,"$384,022.84",16.400050422045442
PROP-1824,suburbs,Townhouse,2.0,1.0,3117.0,2004.0,857866.3,37.896480389149545
PROP-1825,West Bay,Duplex,1.0,2.0,2774.0,2002.0,"$739,598.07",36.95549918141855
PROP-1826,Suburbs,Townhouse,3.0,1.0,1358.0,1965.0,"$410,603",68.9016434427028
PROP-1827,Suburbs,Single Family,3.0,1.5,1629.0,2022.0,"$513,426",5.289716397504178
PROP-1828,North End,Condo,4.0,2.0,2142.0,1983.0,685044.7,19.67046263349462
PROP-1829,Suburbs,Single Family,2.0,2.0,-1628.0,1976.0,423635.4,3.579844845081087
PROP-1830,downtown,Single Family,2.0,1.5,1321.0,1962.0,404630.4,17.27715551456304
PROP-1831,Suburbs,Single Family,4.0,1.5,966.0,,N/A,0.5327953951190617
PROP-1832,Downtown,Condo,4.0,1.0,1566.0,2022.0,504368.8,79.99121075698112
PROP-1833,Downtown,Condo,2.0,1.5,1008.0,2018.0,,26.206351897867208
PROP-1834,Suburbs,Single Family,3.0,4.0,2286.0,1980.0,"$633,524.16",66.35309070991347
PROP-1835,Suburbs,single family,2.0,3.0,1543.0,1952.0,"$416,914",2.162090943094984
PROP-1836,West Bay,single family,5.0,1.5,1853.0,1979.0,"$632,776",9.032416601438547
PROP-1837,Suburbs,Single Family,2.0,2.0,1393.0,1970.0,"$505,158",10.509365974933838
PROP-1838,suburbs,Single Family,5.0,3.0,2042.0,1955.0,"$598,156",17.11105193895639
PROP-1839,North End,single family,3.0,1.0,1249.0,1981.0,386828.8,56.83557136219966
PROP-1840,Downtown,condo,3.0,2.5,1719.0,1991.0,"$506,204.31",17.10342735470389
PROP-1841,North End,Single Family,1.0,3.0,1375.0,2011.0,"$462,844.56",8.014210662519032
PROP-1842,Downtown,Single Family,3.0,1.0,1445.0,1981.0,456665.3,2.3519416549203305
PROP-1843,Westbay,Single Family,3.0,1.5,2132.0,1988.0,,2.899025991373044
PROP-1844,Downtown,Duplex,2.0,4.0,1193.0,2013.0,"$484,856",49.95595732716852
PROP-1845,Suburbs,Condo,3.0,2.0,1759.0,1979.0,"$578,523",20.595128999125595
PROP-1846,Downtown,Condo,99.0,1.0,2378.0,2012.0,"$620,480",45.3350947128566
PROP-1847,,Single Family,3.0,1.5,2106.0,1980.0,"$616,745",40.13125209409497
PROP-1848,Suburbs,Condo,3.0,2.0,1261.0,,"$403,983.84",5.090571178173882
PROP-1849,suburbs,Single Family,1.0,2.0,1839.0,1982.0,567971.5,5.396531129388858
PROP-1850,Downtown,Condo,3.0,2.5,823.0,2012.0,"$328,302.72",49.27629087818392
PROP-1851,North End,town house,2.0,,2157.0,1974.0,"$757,979",44.712695482520076
PROP-1852,downtown,Condo,3.0,1.5,3417.0,1985.0,,16.620262816308006
PROP-1853,West Bay,Townhouse,5.0,2.0,1725.0,1973.0,"$523,570",2.820427372975681
PROP-1854,downtown,Condo,3.0,2.0,-2418.0,2007.0,"$764,985",
PROP-1855,Downtown,Single Family,1.0,2.0,950.0,1988.0,368300.0,11.896423927735517
PROP-1856,Downtown,town house,2.0,1.5,1086.0,1995.0, 320664 ,0.32427717093071184
PROP-1857,Suburbs,Single Family,3.0,,,1959.0,"$450,402",9.151067859635184
PROP-1858,suburbs,Condo,3.0,3.0,1478.0,1981.0,502743.0,19.03533635402707
PROP-1859,Downtown,Single Family,4.0,2.0,1729.0,1985.0,"$552,213",4.5305221946397785
PROP-1860,North End,Single Family,4.0,2.0,-1263.0,1977.0,"$473,090",3.8543719076183813
PROP-1861,Suburbs,single family,3.0,1.5,1635.0,1965.0,"$516,656",79.36527770833754
PROP-1862,Suburbs,Single Family,2.0,2.0,2131.0,1965.0,"$622,491",30.82135002389594
PROP-1863,Suburbs,SFH,2.0,2.0,1837.0,1967.0, 490957 ,95.37600894908721
PROP-1864,Suburbs,Condo,2.0,2.0,1376.0,1957.0,"$521,446.20",14.853375538248507
PROP-1865,suburbs,Single Family,2.0,,1987.0,2019.0,"$573,396",39.56931225963819
PROP-1866,Downtown,Single Family,3.0,2.0,1356.0,1950.0, 404220 ,8.01588930975922
PROP-1867,Downtown,Condo,3.0,2.0,1605.0,2011.0,621404.6,33.712908263278706
PROP-1868,West Bay,Single Family,3.0,2.5,2094.0,1987.0,686227.9,4.857510289285254
PROP-1869,Westbay,Condo,1.0,1.5,1465.0,1994.0,"$452,097",
PROP-1870,Suburbs,Condo,2.0,2.0,,2007.0,"$286,022",93.84850634837025
PROP-1871,DOWNTOWN,Townhouse,2.0,1.5,1590.0,1950.0,"$467,526",28.33052838248323
PROP-1872,North End,Condo,2.0,2.0,2100.0,1981.0,"$683,056",91.57691652920778
PROP-1873,Suburbs,single family,4.0,2.5,2165.0,1957.0,634168.7,14.217443555640607
PROP-1874,Downtown,Condo,1.0,2.0,1071.0,1989.0,324931.6,13.90125238809139
PROP-1875,Downtown,Single Family,3.0,2.5,1960.0,2005.0,616562.7,17.917126139255355
PROP-1876,North End,Single Family,2.0,2.0,1436.0,2012.0,"$456,373.00",42.85102229026387
PROP-1877,North End,condo,4.0,1.5,2473.0,2023.0,664976.1,29.199446745354507
PROP-1878,Downtown,single family,3.0,2.5,1010.0,2023.0,346465.9,90.82536721677891
PROP-1879,downtown,condo,2.0,1.5,1948.0,1985.0,"$637,349",
PROP-1880,downtown,Townhouse,3.0,1.5,1383.0,2006.0,"$478,938",43.10854528409575
PROP-1881,North End,Townhouse,3.0,2.0,1270.0,2023.0, 362465 ,14.03383711963687
PROP-1882,Downtown,town house,-1.0,1.5,2125.0,1994.0,"$634,075",6.955757219926657
PROP-1883,Downtown,single family,2.0,1.0,2237.0,1951.0,647008.1,24.995516241248705
PROP-1884,north end,Single Family,4.0,2.0,739.0,2017.0,"$293,639",24.61642335759246
PROP-1885,Downtown,Condo,5.0,2.0,2138.0,1999.0, 2113392 ,5.1573678609988285
PROP-1886,North End,Single Family,5.0,2.0,1524.0,1978.0, 446354 ,7.893075208979333
PROP-1887,downtown,Condo,3.0,4.0,1575.0,1959.0,"$466,751",18.35843915362137
PROP-1888,Downtown,Condo,3.0,2.0,991.0,1976.0,381061.2,18.396707465862978
PROP-1889,downtown,Condo,3.0,3.0,1905.0,1964.0,"$556,559",13.3727279632634
PROP-1890,North End,Single Family,4.0,1.0,3145.0,2009.0,"$866,362",5.628308214682802
PROP-1891,West Bay,Single Family,3.0,2.0,1296.0,1980.0,"$399,831.13",0.15341450653747846
PROP-1892,West Bay,single family,3.0,3.0,2309.0,1970.0,"$689,842",123.00484594098224
PROP-1893,Suburbs,Single Family,3.0,2.0,1556.0,2009.0, 551454 ,
PROP-1894,North End,Townhouse,3.0,2.5,1314.0,2007.0,438719.2,23.133991412152827
PROP-1895,downtown,Single Family,4.0,2.0,925.0,1990.0,"$376,873.49",185.8052686740234
PROP-1896,Suburbs,Single Family,2.0,1.0,-2420.0,1995.0,"$707,589",39.19293435224128
PROP-1897,West Bay,Single Family,4.0,2.0,1620.0,1994.0,"$483,724.67",2.497004740364911
PROP-1898,Downtown,Condo,3.0,2.0,1337.0,1975.0,"$469,426",4.38353201409915
PROP-1899,Downtown,Condo,4.0,3.0,1412.0,2000.0,358565.8,86.73906224950602
PROP-1900,downtown,Single Family,3.0,1.5,1956.0,1985.0,"$460,215",34.803767956595614
PROP-1901,Downtown,Single Family,2.0,4.0,1336.0,2001.0,"$429,086",64.8437914141252
PROP-1902,Downtown,single family,5.0,4.0,1119.0,2000.0,"$424,686",79.9900356536197
PROP-1903,suburbs,Single Family,2.0,1.5,,1952.0,"$476,291.24",20.793576516928475
PROP-1904,Suburbs,Condo,4.0,1.5,1485.0,1963.0, 510287 ,1.7410003450776599
PROP-1905,West Bay,Condo,3.0,3.0,1474.0,1998.0,"$420,234",7.301008949436362
PROP-1906,north end,Single Family,3.0,4.0,1342.0,1950.0,"$484,957",2.4111987061086326
PROP-1907,Suburbs,Single Family,2.0,2.0,2336.0,2006.0,737277.2,7.320827296427048
PROP-1908,DOWNTOWN,nan,3.0,1.5,3545.0,1966.0, 898663 ,18.498774540807307
PROP-1909,Suburbs,single family,2.0,2.0,1072.0,1999.0, 420551 ,4.402523616697305
PROP-1910,suburbs,Condo,1.0,2.0,698.0,1963.0,304563.5,
PROP-1911,DOWNTOWN,Single Family,2.0,1.5,1439.0,2008.0,486379.0,20.659413283444124
PROP-1912,North End,SFH,1.0,2.5,728.0,1952.0,"$383,323",14.552107263826013
PROP-1913,Suburbs,Single Family,99.0,1.0,893.0,1989.0,"$361,144.14",22.06642803147997
PROP-1914,suburbs,Condo,0.0,1.0,1304.0,2015.0,"$471,243",19.623358623843657
PROP-1915,Suburbs,Duplex,2.0,2.0,1951.0,1983.0, 522331 ,36.195887702081116
PROP-1916,Suburbs,single family,3.0,2.0,1433.0,1958.0,N/A,96.86718300629394
PROP-1917,Westbay,Single Family,2.0,1.5,631.0,1970.0,,3.9947974857090385
PROP-1918,North End,Single Family,3.0,2.0,,1974.0,,3.658857896328157
PROP-1919,Downtown,single family,4.0,1.5,1463.0,1993.0, 457225 ,67.06016061893222
PROP-1920,West Bay,Single Family,5.0,1.5,1471.0,1974.0,"$504,448",24.710809559220582
PROP-1921,Suburbs,Single Family,3.0,1.5,2217.0,1958.0,"$657,999",50.89582866414179
PROP-1922,West Bay,condo,4.0,,2091.0,2011.0,"$548,915.71",8.49132068770933
PROP-1923,north end,single family,2.0,2.0,1599.0,1975.0, 509113 ,61.785093284564795
PROP-1924,Suburbs,Single Family,,2.0,2924.0,2006.0,"$778,365.26",90.12520543606423
PROP-1925,Downtown,town house,1.0,2.0,915.0,1986.0,"$307,750.08",35.321374621355616
PROP-1926,DOWNTOWN,Single Family,3.0,,1303.0,1965.0,"$497,629",3.9169966579687765
PROP-1927,suburbs,Duplex,3.0,1.5,1494.0,1986.0,"$478,906",78.9812321140244
PROP-1928,North End,Single Family,3.0,2.0,6962.0,1973.0,"$534,600",55.039767854957105
PROP-1929,DOWNTOWN,Townhouse,2.0,2.5,921.0,1975.0,"$299,860",48.6434075951941
PROP-1930,Downtown,Condo,5.0,2.0,741.0,1969.0,"$339,448.87",1.309687837476583
PROP-1931,West Bay,Townhouse,2.0,1.0,1558.0,1958.0, 540532 ,56.14923813777297
PROP-1932,,nan,3.0,2.0,860.0,1978.0,"$328,299.51",5.1955112135515975
PROP-1933,Suburbs,Single Family,2.0,1.0,1234.0,1980.0,"$399,027.34",8.803383696427193
PROP-1934,Downtown,Duplex,2.0,2.0,1623.0,1968.0, 448308 ,30.124566825721573
PROP-1935,DOWNTOWN,single family,3.0,2.5,973.0,1969.0, 325022 ,10.775051728514187
PROP-1936,Downtown,single family,3.0,1.5,1742.0,1976.0,"$512,772.31",37.89739998630323
PROP-1937,West Bay,Single Family,2.0,2.5,1167.0,1993.0,"$362,865.03",32.783560910105216
PROP-1938,Downtown,Condo,2.0,1.0,1374.0,1984.0, 417752 ,4.005990493552352
PROP-1939,suburbs,Single Family,3.0,2.5,1843.0,2020.0, 562522 ,37.350460176412334
PROP-1940,DOWNTOWN,Condo,4.0,2.0,1517.0,1971.0,"$496,200.42",90.17500879962942
PROP-1941,suburbs,Condo,4.0,1.5,1728.0,,"$579,267",6.148645179232425
PROP-1942,North End,condo,1.0,1.0,1805.0,1964.0,"$512,746.99",31.81404194501028
PROP-1943,north end,Townhouse,2.0,4.0,1508.0,1962.0,"$482,909",14.64210183327571
PROP-1944,downtown,single family,2.0,1.0,1761.0,,N/A,21.54135450341324
PROP-1945,Downtown,Single Family,1.0,1.5,1227.0,,"$397,879",11.839593840568316
PROP-1946,Downtown,Single Family,3.0,1.5,1835.0,1972.0,,15.300530668426445
PROP-1947,West Bay,Single Family,3.0,2.0,1442.0,1983.0,"$458,352",1.0268301604293388
PROP-1948,West Bay,Single Family,2.0,2.0,2357.0,1966.0,"$679,820",139.7474788145676
PROP-1949,suburbs,Single Family,2.0,1.0,1634.0,1977.0,"$494,633",34.310354895419934
PROP-1950,North End,Single Family,1.0,1.5,1286.0,1963.0,Unknown,24.309577537047442
PROP-1951,North End,Duplex,4.0,1.5,1846.0,1983.0,"$479,416",16.941621452511534
PROP-1952,Downtown,Condo,99.0,1.5,2392.0,2006.0, 723726 ,27.13095203917424
PROP-1953,West Bay,Single Family,2.0,2.0,1326.0,2004.0,"$425,047",16.737237343048164
PROP-1954,Suburbs,Condo,2.0,2.5,1250.0,2015.0, 416505 ,15.61501373896152
PROP-1955,Suburbs,Single Family,4.0,1.5,543.0,1986.0,"$269,087",21.823248555196884
PROP-1956,Suburbs,single family,5.0,2.0,1633.0,2017.0,"$540,956",11.302915845031386
PROP-1957,Downtown,Condo,3.0,2.0,1393.0,1975.0,"$416,942",
PROP-1958,Downtown,SFH,1.0,,1843.0,2010.0,525988.3,28.465369941895265
PROP-1959,North End,single family,1.0,4.0,1857.0,2016.0,"$581,011.27",64.75057929682556
PROP-1960,Downtown,nan,3.0,2.5,,2023.0,Unknown,5.804811077646041
PROP-1961,North End,Townhouse,2.0,1.5,2088.0,2001.0,"$607,883",1.1648733574522858
PROP-1962,downtown,Condo,1.0,1.0,1188.0,1967.0,375519.3,9.920402659758558
PROP-1963,Suburbs,Condo,3.0,1.5,1328.0,2002.0,396815.2,136.435314023896
PROP-1964,Suburbs,Condo,1.0,1.5,645.0,2012.0,"$218,135",61.76372821142001
PROP-1965,Suburbs,Single Family,4.0,2.0,1745.0,2002.0,"$568,629",31.710311685499114
PROP-1966,North End,single family,2.0,2.5,1047.0,1976.0,"$387,561",92.70055936133411
PROP-1967,Suburbs,Single Family,1.0,3.0,1254.0,,"$395,711",20.625157173573115
PROP-1968,suburbs,SFH,3.0,2.5,1014.0,1950.0,"$365,619",143.1914998906018
PROP-1969,Suburbs,Condo,2.0,2.0,-2150.0,1955.0,573716.3,12.29921196879527
PROP-1970,North End,Single Family,99.0,2.0,1367.0,1960.0, 426568 ,9.619373002455115
PROP-1971,Westbay,Duplex,3.0,1.5,979.0,1983.0,"$356,534",35.56854799266073
PROP-1972,North End,town house,2.0,1.0,1004.0,2012.0,"$373,655",16.627196382403522
PROP-1973,downtown,Condo,3.0,2.5,2029.0,2002.0,"$614,074",34.45670705690495
PROP-1974,Downtown,Condo,2.0,1.0,1152.0,1967.0,"$322,101",12.734294473347724
PROP-1975,DOWNTOWN,Townhouse,5.0,2.0,1318.0,1970.0,"$457,700",33.674224707636945
PROP-1976,suburbs,Single Family,2.0,1.5,1580.0,1968.0,N/A,11.291471771687402
PROP-1977,Downtown,condo,3.0,2.0,1399.0,1953.0,"$477,224.26",1.8310967003268046
PROP-1978,Suburbs,Single Family,1.0,2.5,777.0,1978.0,"$311,436",85.11873993918212
PROP-1979,suburbs,condo,3.0,1.5,1910.0,1974.0, 619249 ,75.15678611586792
PROP-1980,Suburbs,Single Family,4.0,2.5,1434.0,2005.0,"$435,178.89",123.67331167252311
PROP-1981,North End,Townhouse,4.0,1.5,1721.0,2012.0,"$563,855",44.122365703383046
PROP-1982,Downtown,Duplex,2.0,2.0,1957.0,1976.0,"$527,991.32",40.179101416725125
PROP-1983,Downtown,Single Family,2.0,2.5,713.0,2009.0,"$311,697.96",28.655107781315913
PROP-1984,North End,SFH,4.0,2.0,1963.0,1998.0,490160.9,4.711315711086416
PROP-1985,Suburbs,nan,5.0,,3294.0,2014.0,3200292.1,7.342209563643383
PROP-1986,North End,SFH,1.0,1.5,1783.0,1987.0,,11.961028463583633
PROP-1987,Suburbs,Townhouse,3.0,2.0,2370.0,2001.0, 639963 ,77.30440908357548
PROP-1988,downtown,Condo,2.0,2.0,2125.0,1950.0,"$622,952.94",
PROP-1989,north end,Single Family,4.0,3.0,1939.0,1989.0,596485.8,89.68064446291248
PROP-1990,north end,Single Family,1.0,1.5,2150.0,1970.0,"$553,321.03",25.892639219837243
PROP-1991,North End,Single Family,2.0,2.5,2274.0,1964.0,"$616,535.15",44.004338692297154
PROP-1992,DOWNTOWN,condo,4.0,2.0,2305.0,1999.0,"$620,582",
PROP-1993,suburbs,single family,1.0,1.5,1003.0,1997.0, 478886 ,10.968570012533982
PROP-1994,Suburbs,Condo,3.0,2.0,2195.0,1981.0,"$680,046.66",111.38786197756663
PROP-1995,Downtown,SFH,3.0,1.5,1427.0,1998.0, 454218 ,10.830769551256719
PROP-1996,West Bay,Condo,2.0,2.0,2333.0,2017.0,,12.310139718126424
PROP-1997,Downtown,Townhouse,2.0,3.0,1835.0,1994.0,563241.5,7.705067410900479
PROP-1998,Westbay,nan,3.0,2.0,997.0,1981.0,"$396,123.48",4.836925844083872
PROP-1999,Suburbs,single family,2.0,2.0,,1953.0,640104.6,9.296155472382925
PROP-2000,Downtown,Townhouse,3.0,2.0,1190.0,2014.0,"$473,652",35.98475355035713
PROP-2001,suburbs,condo,4.0,1.0,1403.0,2020.0,"$424,198",21.267555835124867
PROP-2002,West Bay,Condo,4.0,1.5,2640.0,2022.0,698493.8,28.241115861075542
PROP-2003,North End,Duplex,2.0,2.0,1638.0,2014.0,536862.1,4.568350297454222
PROP-2004,north end,Single Family,2.0,1.5,1383.0,1967.0,"$469,750",56.702678839820145
PROP-2005,North End,Single Family,2.0,1.5,1521.0,2003.0,"$485,581.07",53.65203886162062
PROP-2006,North End,Townhouse,2.0,2.0,1373.0,1996.0,"$489,777",0.7639234076152478
PROP-2007,West Bay,single family,3.0,1.5,2028.0,1955.0,"$543,896",16.93025043076889
PROP-2008,downtown,Townhouse,3.0,1.5,1387.0,2015.0,"$538,139",2.4937371359292406
PROP-2009,Suburbs,Townhouse,1.0,2.0,1538.0,1958.0,"$465,873",54.97540592314109
PROP-2010,downtown,Single Family,1.0,1.0,1887.0,2017.0,N/A,46.78195144078341
PROP-2011,,Townhouse,2.0,3.0,1817.0,1972.0, 633365 ,81.29332123100858
PROP-2012,Westbay,single family,3.0,3.0,1224.0,1992.0, 387385 ,9.440073010698196
PROP-2013,Downtown,Condo,2.0,2.5,2036.0,2000.0,"$644,023.81",21.327252901620295
PROP-2014,North End,Condo,3.0,1.0,1302.0,2021.0,"$426,783",7.137864702731088
PROP-2015,West Bay,town house,2.0,2.5,1078.0,1974.0,"$349,314",16.239915887310186
PROP-2016,Downtown,Single Family,4.0,2.5,804.0,1984.0,"$309,599",25.852874967948658
PROP-2017,suburbs,SFH,4.0,2.5,1468.0,1966.0,"$498,403.80",1.9181942397933527
PROP-2018,West Bay,Condo,2.0,1.0,864.0,1967.0,"$385,678",43.918402593811436
PROP-2019,Downtown,Condo,2.0,2.0,1165.0,1976.0,"$416,560.58",27.429990721862374
PROP-2020,North End,Condo,3.0,2.5,1551.0,1964.0,"$419,404",61.80482300159967
PROP-2021,Suburbs,Single Family,2.0,2.0,2257.0,2018.0, 675098 ,11.100346840712866
PROP-2022,West Bay,Single Family,3.0,2.0,1416.0,1964.0, 455130 ,81.77260544093257
PROP-2023,,Single Family,4.0,2.0,928.0,1991.0,"$304,645.76",232.43430040234423
PROP-2024,Westbay,Townhouse,3.0,2.0,1503.0,1983.0,"$496,334",88.09490735273467
PROP-2025,Suburbs,Single Family,4.0,1.0,2227.0,1997.0,690881.2,52.66077849452748
PROP-2026,West Bay,Single Family,2.0,2.0,1405.0,1957.0,"$459,389.34",58.56469360887873
PROP-2027,West Bay,Duplex,2.0,1.0,2388.0,1959.0,716810.6,29.845051013709945
PROP-2028,Suburbs,Single Family,3.0,2.0,1548.0,1954.0, 511466 ,7.3818851250318485
PROP-2029,north end,nan,2.0,1.5,1966.0,1997.0, 603815 ,39.55801233659748
PROP-2030,Downtown,Condo,3.0,2.0,1679.0,1975.0,"$505,547.46",43.659448467016524
PROP-2031,suburbs,Townhouse,2.0,1.0,2347.0,1972.0,"$703,290.16",147.9000767298358
PROP-2032,downtown,Single Family,1.0,2.0,2993.0,2011.0,849692.1,27.27766114218158
PROP-2033,Downtown,Single Family,,2.5,1324.0,1962.0,"$476,966",11.0805754003925
PROP-2034,Downtown,Condo,2.0,1.5,1646.0,1958.0,,40.28420474395368
PROP-2035,North End,Townhouse,,1.0,2256.0,1969.0,"$690,704",135.84518811342366
PROP-2036,Suburbs,Condo,99.0,1.0,1698.0,2006.0,"$541,022.64",6.82706587256468
PROP-2037,North End,Single Family,4.0,3.0,790.0,1973.0, 279977 ,13.808272794697142
PROP-2038,Downtown,condo,3.0,2.0,1412.0,1982.0,"$443,551",27.321917083384292
PROP-2039,Suburbs,condo,3.0,2.0,1693.0,1969.0,498697.9,6.530587275682635
PROP-2040,suburbs,Condo,4.0,1.0,2566.0,2009.0, 625157 ,0.7864933013202415
PROP-2041,north end,condo,2.0,2.0,1616.0,1997.0,"$550,566.05",14.383419147028526
PROP-2042,Suburbs,Townhouse,3.0,3.0,1139.0,2013.0,"$540,045",70.18308350795735
PROP-2043,North End,Condo,3.0,2.5,1707.0,1979.0, 579922 ,1.5554508489115726
PROP-2044,West Bay,Single Family,3.0,2.0,2476.0,2022.0,"$701,972",19.608464300003053
PROP-2045,North End,SFH,3.0,1.0,1253.0,1966.0,402435.6,50.27149907677383
PROP-2046,downtown,Single Family,2.0,1.0,1308.0,1963.0, 396073 ,107.15250995060978
PROP-2047,Downtown,single family,3.0,1.0,1260.0,1968.0,N/A,148.1169006382149
PROP-2048,West Bay,single family,4.0,1.5,972.0,2020.0,407327.4,19.18449529456286
PROP-2049,Downtown,Single Family,2.0,1.0,1591.0,2008.0,"$469,702.98",105.12067474267029
PROP-2050,West Bay,Single Family,5.0,1.5,1529.0,2016.0,"$601,684.12",1.262150439369986
PROP-2051,Suburbs,Single Family,3.0,2.0,821.0,1993.0, 268309 ,47.95329173837589
PROP-2052,Westbay,Townhouse,4.0,3.0,1169.0,1981.0,417295.5,36.02579268882252
PROP-2053,north end,Duplex,3.0,2.0,1662.0,1960.0,"$518,725",10.046566332772022
PROP-2054,,Single Family,4.0,2.5,1950.0,1951.0,"$579,268.20",24.776232590215248
PROP-2055,Suburbs,Duplex,1.0,2.5,2128.0,2017.0,"$592,482",4.856223880969936
PROP-2056,North End,Condo,4.0,1.0,2003.0,1966.0,"$594,383.49",71.84039446925858
PROP-2057,Suburbs,Single Family,1.0,2.5,1559.0,1989.0,"$472,760.50",15.505288492220473
PROP-2058,Suburbs,Single Family,4.0,1.5,915.0,1820.0,"$409,269.35",34.42664377690687
PROP-2059,North End,Condo,,2.0,1444.0,1953.0,"$540,538",6.051417582435488
PROP-2060,West Bay,condo,2.0,1.5,609.0,1987.0,266408.2,8.08078082613169
PROP-2061,,Condo,2.0,,1664.0,2012.0,"$442,128.96",168.80062167484215
PROP-2062,North End,Single Family,4.0,1.5,1238.0,1978.0,"$436,704.46",48.95508725120429
PROP-2063,Suburbs,Single Family,2.0,1.5,3179.0,1968.0, 318098 ,114.43001934057318
PROP-2064,Suburbs,single family,4.0,3.0,1766.0,1978.0, 543348 ,12.276793624116378
PROP-2065,North End,Single Family,2.0,1.0,2465.0,1984.0,716353.7,6.293006651961661
PROP-2066,downtown,Single Family,2.0,2.0,868.0,2019.0,"$403,094.33",24.47560555485231
PROP-2067,Downtown,Single Family,99.0,2.5,1815.0,1972.0,"$586,792.30",23.888906946549717
PROP-2068,Suburbs,Townhouse,3.0,2.5,1361.0,1995.0,"$473,266",6.7307472029156585
PROP-2069,Suburbs,town house,4.0,,1190.0,1993.0,"$445,696",46.246526091028095
PROP-2070,Suburbs,single family,2.0,,1191.0,1997.0,"$423,286",15.717392750990427
PROP-2071,downtown,town house,3.0,1.0,1361.0,2001.0,"$406,782",7.218529511073908
PROP-2072,Downtown,Single Family,3.0,2.5,1359.0,1957.0,"$514,225.58",14.120478655021437
PROP-2073,Downtown,SFH,3.0,2.0,1538.0,2004.0,"$493,004",29.026569000036428
PROP-2074,,Single Family,3.0,2.0,1150.0,2015.0,"$360,438",45.37215836620671
PROP-2075,Suburbs,Condo,3.0,1.0,1231.0,1989.0,"$370,164",23.014929497996032
PROP-2076,Suburbs,Duplex,3.0,2.0,1872.0,1820.0,"$520,475",26.099285459952252
PROP-2077,North End,Condo,2.0,,1114.0,1997.0,"$339,710",5.235929452496782
PROP-2078,downtown,Single Family,4.0,3.0,1700.0,2010.0,"$554,172.26",86.15160531280696
PROP-2079,Westbay,Condo,2.0,2.0,1384.0,2001.0,"$446,707.09",92.44194371800067
PROP-2080,north end,Single Family,3.0,1.0,1289.0,1987.0,"$468,415",40.25700428697477
PROP-2081,Downtown,Townhouse,2.0,2.0,2734.0,1985.0,N/A,0.6226042807305924
PROP-2082,Suburbs,Condo,3.0,2.5,,2004.0,"$406,459",26.956598594519498
PROP-2083,West Bay,single family,3.0,2.5,2524.0,1962.0, 733770 ,34.72502641604318
PROP-2084,Westbay,Condo,2.0,2.0,2044.0,1986.0,"$612,718",183.1006928705483
PROP-2085,Suburbs,Condo,1.0,1.0,1249.0,1996.0,Unknown,193.84194877174994
PROP-2086,North End,Single Family,2.0,2.0,2064.0,2020.0,598570.4,68.22179640062987
PROP-2087,Downtown,Condo,3.0,2.0,520.0,1971.0,"$290,730.89",2.3085739155363654
PROP-2088,,Single Family,4.0,3.0,1209.0,1988.0,"$372,661.71",107.22269919474277
PROP-2089,downtown,Condo,1.0,2.0,,2007.0,"$393,926",33.19594734658884
PROP-2090,Westbay,Townhouse,3.0,1.5,1773.0,1979.0, 506735 ,56.48585682269599
PROP-2091,North End,Townhouse,2.0,2.0,-1963.0,,"$634,589.85",18.301015009884566
PROP-2092,North End,Condo,3.0,1.0,1764.0,1967.0,"$570,309",13.48117845174572
PROP-2093,Suburbs,Condo,5.0,,1627.0,2023.0,"$604,079",21.777417722901237
PROP-2094,downtown,Single Family,2.0,2.0,2110.0,,"$580,202.63",5.559702040548066
PROP-2095,Downtown,condo,3.0,2.0,2009.0,1975.0,"$562,704.94",15.459969688883206
PROP-2096,downtown,Single Family,1.0,2.0,-1239.0,2020.0, 425156 ,68.22333627155294
PROP-2097,Downtown,SFH,1.0,2.0,1286.0,1956.0,"$400,367",1.3541276020181294
PROP-2098,North End,Single Family,2.0,2.0,1970.0,2018.0,"$607,701.08",5.724336088463009
PROP-2099,Suburbs,Single Family,1.0,2.5,1533.0,2014.0,"$484,982.16",4.678245436277906
PROP-2100,Downtown,Condo,3.0,1.5,1569.0,1995.0,"$473,099",18.058764877382316
PROP-2101,Westbay,Single Family,3.0,1.5,1637.0,1967.0, 559121 ,203.16751439374286
PROP-2102,West Bay,Condo,3.0,1.0,802.0,1962.0,"$243,302.50",6.66342191276473
PROP-2103,West Bay,Single Family,2.0,2.0,1220.0,1974.0,"$442,766",5.50264651622526
PROP-2104,,Single Family,2.0,1.0,8210.0,1957.0,"$526,565.79",86.30159586810883
PROP-2105,Downtown,Condo,3.0,2.0,5474.0,2023.0,"$454,358.05",74.81245996219575
PROP-2106,Suburbs,Single Family,0.0,3.0,6468.0,1981.0,N/A,1.1470038528638753
PROP-2107,North End,Single Family,1.0,3.0,1820.0,1966.0, 448062 ,48.759955674506834
PROP-2108,North End,Condo,4.0,2.0,2150.0,1997.0,"$613,529",37.29465716142536
PROP-2109,Downtown,Single Family,3.0,2.0,2237.0,2012.0, 644734 ,51.096546620258216
PROP-2110,north end,Townhouse,3.0,1.0,2280.0,1989.0, 545522 ,23.877423384756664
PROP-2111,downtown,Single Family,3.0,2.0,1483.0,1964.0, 486611 ,166.37528359079138
PROP-2112,downtown,Single Family,1.0,2.5,1432.0,1955.0,"$441,179.42",1.569307476242322
PROP-2113,suburbs,Condo,1.0,1.5,1021.0,2012.0,"$320,427.08",9.347041433952725
PROP-2114,suburbs,Single Family,3.0,2.0,2470.0,1957.0,664178.3,17.677990463046665
PROP-2115,suburbs,Single Family,2.0,2.5,1411.0,1981.0, 1481869 ,20.91016688704733
PROP-2116,Downtown,Single Family,5.0,3.0,2450.0,1994.0, 663347 ,89.00391295587661
PROP-2117,West Bay,Single Family,3.0,1.5,1716.0,2001.0,N/A,28.734666466674838
PROP-2118,DOWNTOWN,Townhouse,2.0,2.0,2184.0,1962.0,"$674,660",1.6156059826178706
PROP-2119,Downtown,Single Family,3.0,1.5,1517.0,1973.0, 480333 ,18.340601656501576
PROP-2120,West Bay,condo,2.0,1.0,1881.0,1989.0,,18.85430386512476
PROP-2121,Westbay,Townhouse,3.0,3.0,2209.0,,"$588,999",117.82866674092806
PROP-2122,West Bay,single family,3.0,2.5,1310.0,2019.0,"$445,117",31.999991495725887
PROP-2123,north end,town house,5.0,2.5,2284.0,2011.0,N/A,35.33751461756814
PROP-2124,North End,Single Family,4.0,1.0,1069.0,2010.0,"$313,660.31",43.72042829307611
PROP-2125,suburbs,Duplex,3.0,2.5,2709.0,1950.0,"$672,710.01",
PROP-2126,Downtown,Single Family,3.0,2.0,1639.0,2015.0,"$568,258.60",35.279924874324095
PROP-2127,Suburbs,Condo,5.0,1.5,1226.0,1981.0,"$429,747",9.47631999467895
PROP-2128,Suburbs,SFH,2.0,2.0,2031.0,1962.0,"$569,723.99",72.5143243290673
PROP-2129,DOWNTOWN,single family,1.0,1.0,1743.0,1982.0,"$482,531.95",46.102539520467396
PROP-2130,North End,Condo,2.0,2.5,818.0,1981.0,328291.3,47.40028384945001
PROP-2131,Suburbs,Condo,2.0,2.0,1361.0,2005.0,"$455,394",198.49677258922495
PROP-2132,Downtown,Single Family,3.0,1.5,,1973.0,"$395,435",56.77528700919393
PROP-2133,downtown,Single Family,3.0,1.5,1121.0,1953.0, 345251 ,61.84421296355591
PROP-2134,North End,Condo,3.0,1.5,4981.0,1972.0,378344.3,105.84858362732358
PROP-2135,Downtown,Condo,1.0,1.0,1851.0,1978.0,N/A,5.734887819292935
PROP-2136,West Bay,Duplex,3.0,2.0,2083.0,1970.0,"$637,450",24.101428118503556
PROP-2137,Suburbs,condo,2.0,2.5,1188.0,1979.0,"$362,769",30.40980376070535
PROP-2138,Suburbs,Duplex,3.0,1.0,,1969.0,"$316,388.20",13.978900225417298
PROP-2139,suburbs,Condo,3.0,1.0,607.0,1965.0, 402030 ,64.01007546315103
PROP-2140,north end,Single Family,2.0,2.0,2929.0,2016.0,742779.6,50.3037247155732
PROP-2141,Suburbs,Single Family,2.0,2.5,1645.0,1998.0,478335.6,44.664357400915975
PROP-2142,North End,condo,1.0,1.5,2036.0,2007.0,"$593,685.30",205.10839047784089
PROP-2143,suburbs,Condo,4.0,1.5,1459.0,,"$338,511.14",10.509431104955867
PROP-2144,DOWNTOWN,Single Family,5.0,2.0,683.0,1974.0,236155.2,46.54133474788694
PROP-2145,West Bay,Single Family,3.0,1.5,1790.0,1972.0,"$557,693",28.057177127535113
PROP-2146,north end,Duplex,2.0,1.0,2608.0,2008.0,"$715,919.67",13.13918343072132
PROP-2147,North End,Condo,3.0,2.5,1250.0,1950.0, 472410 ,6.1268300429392575
PROP-2148,West Bay,single family,3.0,2.0,655.0,1964.0,"$283,439.94",79.17868181626012
PROP-2149,West Bay,single family,4.0,2.0,1019.0,2001.0,"$359,557.26",31.674772270008535
PROP-2150,North End,Single Family,2.0,2.5,2069.0,2007.0,573616.9,60.99069570598488
PROP-2151,West Bay,Single Family,1.0,2.0,1738.0,1990.0,"$516,950.84",27.587572397419468
PROP-2152,North End,Single Family,3.0,1.5,2288.0,1993.0,,
PROP-2153,North End,Single Family,2.0,2.0,1565.0,1953.0,"$487,589.60",14.413294139569842
PROP-2154,North End,condo,2.0,1.0,1952.0,2017.0,"$535,629",16.81823115737329
PROP-2155,North End,single family,1.0,1.0,1347.0,1956.0,"$391,917.08",126.33274398946236
PROP-2156,Downtown,Townhouse,3.0,2.0,1047.0,1995.0,"$351,592",0.19772217974016001
PROP-2157,West Bay,Townhouse,4.0,3.0,1953.0,1958.0,"$600,041",148.579289169428
PROP-2158,West Bay,Single Family,-1.0,4.0,2081.0,1982.0, 614172 ,137.73813606012274
PROP-2159,Downtown,Condo,3.0,2.0,1260.0,1982.0,"$457,204.37",194.59606194941674
PROP-2160,north end,SFH,3.0,1.5,2526.0,1953.0, 664173 ,22.658534638830005
PROP-2161,Downtown,Townhouse,1.0,1.0,2550.0,2014.0,"$710,488.16",116.16303896534642
PROP-2162,Suburbs,Single Family,3.0,2.5,1109.0,1983.0,"$470,613",17.623119322468245
PROP-2163,North End,Condo,2.0,2.0,1127.0,2013.0,"$460,847",0.9326212532872513
PROP-2164,Downtown,Condo,3.0,2.0,1145.0,1974.0,"$344,651.21",8.891759241144642
PROP-2165,north end,Single Family,2.0,2.5,1494.0,2004.0, 433281 ,101.70380232597626
PROP-2166,West Bay,Single Family,2.0,2.5,1369.0,1958.0,"$527,631.20",0.4851106791468713
PROP-2167,Suburbs,Condo,1.0,2.5,966.0,,"$382,772.06",27.637580720878823
PROP-2168,Downtown,Condo,2.0,1.0,1157.0,1970.0,"$395,956",2.7514241797800967
PROP-2169,Suburbs,Single Family,1.0,2.5,,2009.0,"$287,907",11.809976602320054
PROP-2170,North End,Condo,2.0,3.0,733.0,1962.0,"$321,578.34",
PROP-2171,,single family,,1.5,899.0,1952.0,"$358,668.10",68.69630319823446
PROP-2172,North End,Condo,3.0,2.0,2872.0,2017.0,N/A,31.297455773841428
PROP-2173,DOWNTOWN,Single Family,3.0,1.5,2748.0,1953.0,"$747,116",81.33561715076375
PROP-2174,North End,Townhouse,4.0,4.0,1992.0,1956.0,"$562,601",40.80596737817117
PROP-2175,suburbs,Single Family,,1.0,1264.0,1975.0,"$435,745.58",123.95125678469887
PROP-2176,North End,Single Family,3.0,2.0,894.0,1973.0,,24.958508220832623
PROP-2177,Downtown,Single Family,4.0,1.5,1553.0,1959.0,"$434,719",35.63265752483153
PROP-2178,North End,Single Family,2.0,2.5,1806.0,1962.0, 613782 ,30.056265327199036
PROP-2179,suburbs,Condo,2.0,1.5,1195.0,1993.0, 409778 ,23.175367219847978
PROP-2180,Westbay,Single Family,3.0,1.5,1774.0,1988.0,616558.6,65.46885976694496
PROP-2181,Suburbs,Townhouse,3.0,2.0,1016.0,1968.0,N/A,36.200525807569534
PROP-2182,North End,Single Family,3.0,3.0,1273.0,2000.0,364893.1,56.5607299887886
PROP-2183,Westbay,Single Family,2.0,1.5,1427.0,1968.0,"$484,997.47",54.0218472505701
PROP-2184,Downtown,Single Family,2.0,1.0,2776.0,2001.0,757711.1,7.420426520299635
PROP-2185,Westbay,Single Family,3.0,2.5,1151.0,1996.0,"$351,158.46",36.76013143082057
PROP-2186,North End,Single Family,2.0,2.0,3244.0,1979.0,"$914,852",7.794628521818155
PROP-2187,Downtown,single family,3.0,3.0,1803.0,1995.0,"$507,578",30.640325996520442
PROP-2188,Suburbs,SFH,3.0,1.0,3321.0,1970.0,"$934,626",
PROP-2189,North End,single family,3.0,2.0,1091.0,1997.0, 386740 ,206.17591872399058
PROP-2190,Downtown,Condo,4.0,1.5,1038.0,2011.0, 330305 ,1.08563363995897
PROP-2191,suburbs,Condo,4.0,1.5,,2007.0,382412.4,3.3486908194572313
PROP-2192,Suburbs,Single Family,3.0,2.0,1572.0,1967.0,"$557,557",2.8054238931845292
PROP-2193,North End,SFH,3.0,2.0,2641.0,2008.0,"$2,511,294",17.78343549960681
PROP-2194,Downtown,Duplex,3.0,2.5,1255.0,1997.0,"$469,816.99",60.32816379295772
PROP-2195,West Bay,Condo,2.0,1.5,2086.0,2012.0,671985.7,65.0391155595124
PROP-2196,,Condo,1.0,2.0,2825.0,1961.0,"$767,910",46.74332834515589
PROP-2197,Westbay,Single Family,2.0,2.0,1700.0,1983.0, 513966 ,79.51457047618618
PROP-2198,North End,condo,3.0,,2215.0,,"$619,082",13.645700261059739
PROP-2199,Downtown,condo,3.0,1.5,1171.0,2002.0,"$423,396",3.229970427315586
PROP-2200,North End,Condo,4.0,1.5,1787.0,1974.0,610898.2,2.0969363694160776
PROP-2201,Downtown,Duplex,2.0,2.0,1941.0,2011.0,"$521,711.91",66.90040566046743
PROP-2202,Downtown,Single Family,2.0,2.0,949.0,1820.0,"$368,740.94",45.88326861930362
PROP-2203,Suburbs,Single Family,0.0,1.5,1131.0,1962.0,"$406,634.94",41.977872199506244
PROP-2204,Suburbs,condo,2.0,3.0,1406.0,1991.0, 1323428 ,14.525880880827092
PROP-2205,North End,Townhouse,3.0,1.5,847.0,1998.0,,16.725901186778252
PROP-2206,North End,Single Family,3.0,3.0,1205.0,2005.0,"$384,325.39",111.04773363663166
PROP-2207,Suburbs,Single Family,3.0,1.0,1462.0,1996.0,"$506,014.41",2.3075926134425018
PROP-2208,DOWNTOWN,Single Family,1.0,2.0,901.0,1957.0,"$390,515",52.01118926300166
PROP-2209,,Single Family,1.0,3.0,2726.0,2004.0,"$665,266",12.968634266922658
PROP-2210,Suburbs,condo,2.0,1.5,2159.0,1967.0,Unknown,1.3943197311280404
PROP-2211,Suburbs,Condo,3.0,4.0,4277.0,1984.0,1113854.0,47.49527547379385
PROP-2212,Downtown,Single Family,3.0,2.0,989.0,1981.0,393629.3,14.064383096094494
PROP-2213,north end,Single Family,2.0,3.0,1811.0,1973.0,"$555,230.38",44.82327321822006
PROP-2214,North End,Single Family,3.0,2.0,1209.0,1956.0, 458668 ,43.0436495013221
PROP-2215,downtown,Single Family,4.0,1.5,1036.0,1962.0,"$430,705",26.784087609828163
PROP-2216,Downtown,Condo,1.0,1.5,2117.0,2018.0,"$542,310.08",52.57903469301381
PROP-2217,North End,Duplex,3.0,1.5,1589.0,1991.0,"$497,459.62",30.449154016600943
PROP-2218,North End,Townhouse,3.0,1.0,1373.0,1980.0,"$440,694",11.821763290232264
PROP-2219,DOWNTOWN,Single Family,2.0,1.0,1717.0,2023.0,"$502,053",46.3642384387252
PROP-2220,Westbay,Townhouse,2.0,1.0,1147.0,1975.0,"$381,971.53",31.132580744270168
PROP-2221,Downtown,condo,3.0,2.0,1134.0,1981.0, 407900 ,
PROP-2222,Suburbs,condo,4.0,2.5,1224.0,2001.0,"$360,876",81.17072378861285
PROP-2223,Westbay,single family,4.0,1.0,2261.0,1969.0,"$677,653",27.6105692524637
PROP-2224,Suburbs,single family,3.0,1.0,2198.0,1989.0,"$616,875.35",71.04008430074246
PROP-2225,North End,Single Family,3.0,2.0,973.0,2008.0,"$403,408",75.01671206640938
PROP-2226,Suburbs,Single Family,2.0,1.5,2684.0,1963.0,"$712,566.80",20.605448117993028
PROP-2227,DOWNTOWN,Single Family,3.0,1.0,1543.0,1993.0,"$459,203",24.80050079644104
PROP-2228,,Single Family,3.0,1.5,1801.0,1997.0, 503565 ,18.810183543187986
PROP-2229,Suburbs,SFH,2.0,3.0,1210.0,1992.0, 388551 ,20.888471794310554
PROP-2230,West Bay,Condo,3.0,2.5,1571.0,1965.0,"$459,600",78.93190990581543
PROP-2231,downtown,SFH,3.0,2.0,1034.0,1984.0,"$397,070",54.3146991210563
PROP-2232,downtown,Single Family,2.0,2.0,1181.0,2002.0,456954.5,4.734679060710318
PROP-2233,Downtown,Duplex,5.0,2.0,2057.0,1983.0,"$620,032",32.983931220231966
PROP-2234,North End,Duplex,1.0,2.0,2074.0,1952.0,"$602,721.29",192.44362286370077
PROP-2235,Suburbs,condo,2.0,2.0,1829.0,2017.0,"$574,243",31.68301126593569
PROP-2236,West Bay,nan,1.0,2.0,1343.0,1954.0,"$443,871.62",53.9412847193697
PROP-2237,Suburbs,Condo,4.0,1.5,967.0,1959.0,364052.2,51.296130284327994
PROP-2238,Westbay,Duplex,3.0,1.0,2355.0,2001.0,"$654,354",15.094503787655272
PROP-2239,Downtown,Single Family,2.0,2.0,2126.0,1978.0,"$655,412",16.274131210871033
PROP-2240,West Bay,Single Family,3.0,3.0,774.0,1980.0,,45.06709697529168
PROP-2241,North End,Single Family,2.0,2.0,2086.0,2015.0,"$512,931",24.25899855092069
PROP-2242,North End,Single Family,4.0,2.5,1373.0,2018.0,498309.8,29.585436383330197
PROP-2243,West Bay,Single Family,3.0,,1963.0,1986.0,N/A,43.67807011814421
PROP-2244,North End,Condo,3.0,1.5,905.0,1976.0,"$390,452",52.610790204563905
PROP-2245,North End,condo,5.0,2.0,1232.0,1982.0,393657.9,11.087664335581815
PROP-2246,Downtown,Condo,2.0,2.0,1611.0,2017.0,"$579,679",5.556389233815773
PROP-2247,Downtown,Single Family,2.0,,2726.0,2008.0,"$2,602,607",12.0757413120235
PROP-2248,West Bay,Townhouse,3.0,,3443.0,2013.0,"$927,661",24.791852359531834
PROP-2249,North End,Condo,0.0,2.0,1612.0,1993.0,"$484,529",14.656779852798472
PROP-2250,north end,single family,2.0,1.5,,1998.0,"$600,164.76",29.40594170691106
PROP-2251,Suburbs,Condo,1.0,2.5,1686.0,2002.0,N/A,1.9231833496161617
PROP-2252,Downtown,Single Family,2.0,1.0,1666.0,2023.0,"$551,804",24.949422872701703
PROP-2253,Downtown,Single Family,3.0,2.5,1862.0,1998.0,577543.3,16.059470129246566
PROP-2254,North End,town house,2.0,3.0,1529.0,2015.0,"$490,649.39",26.77505158740411
PROP-2255,Suburbs,Single Family,3.0,2.0,2040.0,2012.0,"$547,599.78",19.21866084707776
PROP-2256,downtown,SFH,,2.0,1061.0,1974.0,"$447,015",11.703670847138522
PROP-2257,Suburbs,Townhouse,3.0,2.0,1533.0,1953.0, 491990 ,82.05861072068929
PROP-2258,Downtown,Condo,2.0,2.0,2808.0,2000.0,"$799,468.60",7.1497597340112256
PROP-2259,suburbs,Single Family,3.0,1.5,2262.0,1960.0,647443.1,40.02987934112397
PROP-2260,DOWNTOWN,Single Family,2.0,2.5,1736.0,1966.0,,90.49394147279784
PROP-2261,north end,Single Family,4.0,3.0,2154.0,2015.0,668460.2,27.07745493405984
PROP-2262,Suburbs,Condo,3.0,3.0,2541.0,2019.0,"$729,404",73.17706949505755
PROP-2263,Suburbs,single family,2.0,1.5,738.0,2022.0,"$304,092",4.6676583833304655
PROP-2264,Downtown,Single Family,3.0,3.0,1418.0,2018.0,"$481,437",23.828043635079858
PROP-2265,Downtown,Duplex,3.0,2.5,1230.0,1978.0, 457485 ,21.374238101550315
PROP-2266,Suburbs,Condo,3.0,1.5,,2022.0,"$384,007.75",0.28531804097805563
PROP-2267,Suburbs,Single Family,1.0,1.0,2951.0,2021.0,Unknown,20.497825565990205
PROP-2268,North End,Condo,4.0,1.5,1893.0,1969.0,"$499,364",16.11738012685601
PROP-2269,Suburbs,Condo,5.0,3.0,2128.0,1976.0,651036.3,38.78185131135631
PROP-2270,North End,Single Family,3.0,2.0,1249.0,1957.0, 393459 ,97.50839348348734
PROP-2271,West Bay,Single Family,-1.0,2.5,-1407.0,2010.0,"$412,445",3.139365775165244
PROP-2272,North End,Townhouse,2.0,1.5,1557.0,1977.0,"$509,349",13.885131940069906
PROP-2273,Downtown,single family,3.0,2.5,1781.0,2019.0,"$493,265.66",20.548619898550154
PROP-2274,Suburbs,Condo,3.0,1.0,2014.0,1952.0, 571554 ,21.25583898770714
PROP-2275,Downtown,single family,3.0,2.0,795.0,2018.0, 363226 ,52.178334215783366
PROP-2276,downtown,Single Family,3.0,2.0,1970.0,2022.0,"$515,313",20.506522507105437
PROP-2277,,Single Family,2.0,1.0,1439.0,1956.0,"$405,095",0.9637945794186695
PROP-2278,Downtown,single family,2.0,2.5,2577.0,1820.0,644352.9,43.338167855860426
PROP-2279,Suburbs,Single Family,2.0,1.5,-2393.0,1953.0,637647.6,75.64701670086993
PROP-2280,North End,Single Family,2.0,2.0,1720.0,1954.0,"$532,023",25.24727133555234
PROP-2281,North End,Townhouse,3.0,2.0,1577.0,1960.0,"$469,120",30.45501879958303
PROP-2282,suburbs,nan,2.0,2.0,1402.0,1964.0,"$526,066",6.224934529478254
PROP-2283,Downtown,condo,1.0,1.0,1785.0,2013.0,"$563,079",8.725144280819796
PROP-2284,Suburbs,Townhouse,3.0,1.0,2349.0,1962.0,"$665,846",9.383570165324555
PROP-2285,Suburbs,Single Family,3.0,3.0,1589.0,1820.0,"$556,708.79",19.719751675134887
PROP-2286,Downtown,Duplex,4.0,1.5,1283.0,1955.0,"$372,410",92.15878537763628
PROP-2287,Suburbs,Single Family,3.0,2.5,1577.0,2005.0,"$536,014",25.819302914881902
PROP-2288,Downtown,Duplex,2.0,,1730.0,2013.0,"$520,050",7.465992652482988
PROP-2289,Downtown,nan,4.0,1.5,1036.0,1999.0,"$357,354.83",10.827802603402631
PROP-2290,Suburbs,Condo,3.0,1.5,943.0,1979.0, 384969 ,16.958645012891473
PROP-2291,Downtown,nan,1.0,2.0,1295.0,1971.0,"$416,290",34.16690430165075
PROP-2292,suburbs,Condo,3.0,4.0,,1974.0,,20.295719457940645
PROP-2293,North End,Single Family,5.0,3.0,2303.0,1977.0,"$652,076",17.44093107436461
PROP-2294,north end,single family,2.0,2.0,867.0,1988.0,354457.7,29.112493735984458
PROP-2295,downtown,Condo,2.0,2.5,1116.0,, 372757 ,9.68989812955543
PROP-2296,Downtown,Single Family,2.0,1.0,,1954.0,"$632,226.59",2.876657836617943
PROP-2297,Downtown,Condo,2.0,,1351.0,2014.0,355186.3,0.8651049955633772
PROP-2298,North End,nan,3.0,4.0,1817.0,1964.0,,10.127682879327732
PROP-2299,North End,Single Family,3.0,1.5,884.0,2016.0,259455.0,3.362159488925207
PROP-2300,Downtown,condo,1.0,1.5,1566.0,1989.0,"$460,715.52",14.34951948362432
PROP-2301,Westbay,town house,5.0,1.0,1511.0,2018.0,N/A,51.887938571176186
PROP-2302,Downtown,Duplex,4.0,1.5,2131.0,1992.0,"$528,224",44.09362836138559
PROP-2303,suburbs,Duplex,3.0,2.5,1781.0,1950.0,"$549,338",33.039646254991865
PROP-2304,North End,Condo,4.0,2.0,1637.0,1971.0,"$448,430",66.98750648183385
PROP-2305,West Bay,Duplex,1.0,1.0,812.0,2011.0, 285137 ,11.59829646400662
PROP-2306,North End,condo,3.0,1.5,2841.0,1975.0, 729278 ,75.7151737140556
PROP-2307,north end,Single Family,3.0,,1953.0,1967.0,"$519,225",17.834543177909985
PROP-2308,Suburbs,SFH,4.0,2.0,1213.0,1997.0,"$338,943",17.93104589509572
PROP-2309,north end,Condo,4.0,2.0,1623.0,1958.0,"$600,239.57",18.192474838455738
PROP-2310,Downtown,Single Family,2.0,1.5,1365.0,1950.0,Unknown,3.6135884149712223
PROP-2311,West Bay,Condo,5.0,,1453.0,1958.0,"$414,082",129.80430446876298
PROP-2312,suburbs,Condo,2.0,2.5,2290.0,1972.0,,5.2180831680185635
PROP-2313,north end,Single Family,4.0,1.5,1114.0,1994.0, 396813 ,14.590042321074502
PROP-2314,Suburbs,Condo,99.0,1.0,1981.0,1951.0,"$568,749",13.462192418943712
PROP-2315,North End,condo,2.0,1.0,2324.0,,"$2,114,703.46",2.7165264836633463
PROP-2316,Suburbs,SFH,3.0,1.0,1875.0,1987.0,"$522,077",5.781350661003821
PROP-2317,North End,Single Family,1.0,2.0,1479.0,1989.0,"$528,636.52",1.6063463650382652
PROP-2318,Downtown,Single Family,3.0,3.0,1182.0,2012.0,"$347,001",12.10589334994777
PROP-2319,Downtown,Single Family,3.0,2.0,1239.0,1965.0, 332811 ,70.51904836999856
PROP-2320,downtown,town house,3.0,2.5,7354.0,1955.0,"$492,092",14.513473032506855
PROP-2321,Downtown,Single Family,5.0,2.0,759.0,1952.0,"$230,005.19",4.621311101115636
PROP-2322,West Bay,Condo,3.0,2.5,1588.0,1963.0, 458483 ,36.3157886342097
PROP-2323,downtown,Single Family,3.0,2.5,-2065.0,2015.0,"$547,943.61",198.9486847176552
PROP-2324,,Single Family,4.0,1.5,907.0,2016.0, 293596 ,9.253553249015766
PROP-2325,Suburbs,Townhouse,-1.0,2.0,2280.0,1980.0,"$654,779",11.476794648605543
PROP-2326,Downtown,Condo,1.0,2.0,3482.0,1982.0,"$927,713",124.95361501716529
PROP-2327,north end,Single Family,,1.0,1526.0,1950.0,449556.6,6.8935901611331305
PROP-2328,North End,single family,1.0,2.0,1446.0,1993.0, 463936 ,25.054072789194134
PROP-2329,Suburbs,Single Family,4.0,2.0,1493.0,,Unknown,9.589273074773367
PROP-2330,suburbs,SFH,2.0,,1615.0,1986.0,"$523,343.69",94.27025928146895
PROP-2331,North End,Condo,2.0,2.0,1407.0,1976.0,393145.7,139.68923904566202
PROP-2332,downtown,Single Family,3.0,2.5,743.0,1997.0,N/A,59.00186327046142
PROP-2333,,Single Family,3.0,2.0,1482.0,1976.0,"$486,928",13.230731260485191
PROP-2334,,single family,2.0,2.5,1096.0,1961.0, 496344 ,18.08292642273323
PROP-2335,North End,town house,1.0,2.0,1648.0,2016.0,"$433,648",9.711633794884749
PROP-2336,Downtown,nan,3.0,3.0,2365.0,1979.0, 789827 ,77.49662802815466
PROP-2337,North End,Single Family,5.0,2.0,1109.0,, 428102 ,86.09722610402228
PROP-2338,Downtown,condo,2.0,2.0,2686.0,1956.0,"$823,072",18.99736771070244
PROP-2339,Downtown,Single Family,2.0,2.0,1374.0,1983.0, 493103 ,37.403255586392355
PROP-2340,DOWNTOWN,single family,3.0,2.0,1156.0,1981.0,"$361,785",6.3345192548184
PROP-2341,Suburbs,condo,1.0,1.0,1953.0,1988.0,"$609,316",19.978563625527727
PROP-2342,West Bay,town house,4.0,1.0,1320.0,1992.0,"$410,499",34.940925009612904
PROP-2343,North End,Duplex,4.0,1.0,1536.0,1992.0, 484059 ,17.03760461759425
PROP-2344,North End,Condo,3.0,3.0,1572.0,1952.0,443036.9,15.489018230131224
PROP-2345,Suburbs,Single Family,2.0,1.5,1915.0,1995.0,"$540,785.63",0.03498220573026132
PROP-2346,Suburbs,condo,4.0,1.5,1521.0,1981.0,"$524,969.58",57.08986520792375
PROP-2347,Suburbs,Single Family,3.0,2.5,1464.0,1992.0,491839.6,77.04449418139589
PROP-2348,,Condo,4.0,1.5,1362.0,1952.0,"$495,759",122.10917449905455
PROP-2349,Downtown,Single Family,3.0,2.0,1850.0,2023.0,"$494,055.19",
PROP-2350,West Bay,Condo,4.0,1.5,1297.0,2012.0,"$351,083",27.853963926464328
PROP-2351,suburbs,Single Family,3.0,4.0,2392.0,1989.0,725917.6,10.980589024393508
PROP-2352,Suburbs,Single Family,3.0,3.0,1578.0,1967.0, 543456 ,254.22886577991233
PROP-2353,North End,town house,-1.0,3.0,828.0,2016.0, 341692 ,31.184842747340472
PROP-2354,Suburbs,Single Family,3.0,2.0,-1730.0,,"$549,453.96",40.00665473819674
PROP-2355,West Bay,Condo,3.0,2.5,1826.0,1959.0,590630.9,40.14436829969675
PROP-2356,West Bay,Single Family,2.0,1.0,2402.0,2001.0,"$686,576",65.30845901060219
PROP-2357,Suburbs,Single Family,3.0,1.0,1201.0,2022.0,438329.4,0.34018675963856554
PROP-2358,DOWNTOWN,Single Family,3.0,1.0,1140.0,1995.0,"$437,472.13",8.707229990214625
PROP-2359,suburbs,Single Family,2.0,2.0,1937.0,2004.0,,38.332701726670294
PROP-2360,West Bay,Townhouse,1.0,2.0,2264.0,1995.0,"$632,575",78.93143519466255
PROP-2361,downtown,Single Family,3.0,2.0,1184.0,2009.0,"$427,735.46",
PROP-2362,North End,Duplex,4.0,1.0,1709.0,1975.0, 627833 ,18.674871695750245
PROP-2363,North End,Condo,3.0,2.0,1530.0,1976.0,448420.9,15.705218315277135
PROP-2364,North End,single family,2.0,2.5,1199.0,1987.0,"$394,341",46.87243236344436
PROP-2365,Downtown,Condo,3.0,2.0,,1971.0,400815.5,47.31458858829585
PROP-2366,North End,Condo,1.0,2.5,2209.0,1975.0,"$655,463",32.69326345702095
PROP-2367,West Bay,condo,3.0,1.5,1581.0,2018.0, 473867 ,12.059553718461835
PROP-2368,Downtown,Single Family,2.0,2.5,1472.0,1984.0, 410922 ,90.73167404503124
PROP-2369,downtown,Single Family,2.0,2.0,1902.0,2015.0, 565630 ,28.094293364436403
PROP-2370,,Townhouse,2.0,1.5,2277.0,2022.0,"$718,281",54.70482691090801
PROP-2371,Downtown,Duplex,2.0,1.5,1103.0,2000.0,"$376,723",8.4416764083939
PROP-2372,West Bay,Townhouse,1.0,2.0,1733.0,1967.0, 519455 ,14.757983440813161
PROP-2373,Suburbs,single family,2.0,2.5,1377.0,1992.0,"$518,537.51",72.66291612752943
PROP-2374,downtown,condo,3.0,2.0,1583.0,, 498015 ,1.7992087340226053
PROP-2375,West Bay,SFH,3.0,1.5,1953.0,1952.0,525318.4,25.1330174054751
PROP-2376,Suburbs,SFH,2.0,3.0,1415.0,1956.0,"$492,242",23.002406929901195
PROP-2377,Suburbs,Single Family,4.0,2.0,1517.0,1955.0, 534347 ,48.692954223695686
PROP-2378,Suburbs,Condo,2.0,2.0,2146.0,1994.0, 613189 ,11.589821917316579
PROP-2379,suburbs,Single Family,3.0,2.0,1811.0,1988.0,"$554,271",8.654299225675045
PROP-2380,Downtown,Single Family,1.0,1.5,-1505.0,2000.0,"$422,173",91.19204211219633
PROP-2381,Suburbs,Townhouse,1.0,2.0,1635.0,1958.0,470562.8,29.678387554327642
PROP-2382,Westbay,Single Family,3.0,2.0,1595.0,1972.0,"$485,849",3.8704669418273605
PROP-2383,DOWNTOWN,Single Family,3.0,,806.0,1961.0,,7.506674783675059
PROP-2384,North End,Single Family,4.0,2.0,1645.0,2011.0, 483920 ,236.1586238350059
PROP-2385,Suburbs,Duplex,3.0,2.0,979.0,2022.0,"$348,698",7.618443173267361
PROP-2386,North End,Condo,-1.0,2.0,2255.0,1989.0, 640608 ,32.99899902746077
PROP-2387,Downtown,single family,1.0,3.0,971.0,2003.0,"$318,718.17",19.07318089886318
PROP-2388,Westbay,Townhouse,1.0,2.5,1354.0,1956.0,Unknown,75.8816200770583
PROP-2389,Suburbs,Townhouse,1.0,2.0,1267.0,1966.0,480786.6,49.2514902994256
PROP-2390,downtown,Single Family,2.0,2.5,2538.0,1999.0,"$681,482.91",31.804434182438374
PROP-2391,Downtown,Condo,3.0,2.0,2223.0,1973.0, 598520 ,
PROP-2392,Downtown,condo,3.0,2.0,-638.0,1951.0, 384289 ,74.14954353006185
PROP-2393,Suburbs,Condo,1.0,1.5,1554.0,, 501949 ,20.586586755470123
PROP-2394,Suburbs,Single Family,5.0,2.0,1038.0,1970.0,"$1,202,752.03",93.87195291099769
PROP-2395,north end,Townhouse,4.0,1.5,1647.0,2023.0,"$541,228",23.94926701717577
PROP-2396,Suburbs,Condo,2.0,3.0,1938.0,2002.0,587865.1,41.47164248654875
PROP-2397,downtown,Single Family,1.0,1.5,1694.0,1995.0,"$1,739,210",
PROP-2398,North End,single family,2.0,4.0,1978.0,1994.0,"$2,040,115",47.84803206583792
PROP-2399,North End,Single Family,2.0,2.0,1428.0,1958.0,"$450,981",14.436930482310121
PROP-2400,Downtown,Single Family,2.0,2.0,1712.0,1955.0,"$571,138.12",15.150656364464506
PROP-2401,Downtown,condo,3.0,2.0,1954.0,2000.0,610505.1,4.420748068799692
PROP-2402,Downtown,Single Family,2.0,1.0,1337.0,1984.0,347606.2,5.558989665491682
PROP-2403,North End,single family,2.0,2.0,1150.0,2002.0,488605.7,
PROP-2404,North End,Condo,,1.0,1243.0,1968.0,"$410,571",13.923132440022556
PROP-2405,Suburbs,Single Family,3.0,2.0,1498.0,2018.0, 557172 ,77.88709268355984
PROP-2406,West Bay,Duplex,5.0,2.0,1568.0,1974.0,"$527,177.21",16.07472086454331
PROP-2407,north end,Single Family,2.0,2.5,,1960.0,"$545,085",45.10343011081104
PROP-2408,suburbs,Single Family,2.0,1.5,1201.0,2023.0,"$410,011",3.0230373058533173
PROP-2409,West Bay,Single Family,3.0,1.5,1973.0,1966.0,708197.5,31.29986002964051
PROP-2410,downtown,Single Family,1.0,2.0,2737.0,1985.0, 739838 ,23.01495281829117
PROP-2411,Downtown,Single Family,1.0,3.0,1270.0,1970.0,399269.8,133.51811018529023
PROP-2412,DOWNTOWN,Condo,3.0,2.5,3254.0,1967.0,839670.8,65.52534598945334
PROP-2413,Downtown,Duplex,3.0,2.0,2865.0,2009.0,780326.1,21.233001612861685
PROP-2414,suburbs,Single Family,3.0,2.0,1566.0,1967.0,,52.23013547606971
PROP-2415,Westbay,Condo,3.0,1.0,1483.0,1950.0, 521511 ,7.506786644852721
PROP-2416,Downtown,Condo,3.0,,1237.0,1963.0,"$456,322",28.920658701442584
PROP-2417,Downtown,Townhouse,1.0,2.0,2070.0,1957.0,"$639,681",2.7142428051041203
PROP-2418,Suburbs,single family,2.0,1.5,1602.0,2015.0,,14.974654761951022
PROP-2419,Westbay,Single Family,2.0,2.0,1659.0,2000.0,"$545,421",8.960187646323174
PROP-2420,Suburbs,Single Family,1.0,1.0,1158.0,2009.0,"$439,997.66",44.41779017326221
PROP-2421,Suburbs,Condo,-1.0,4.0,2090.0,1983.0,"$606,309",23.573283824551304
PROP-2422,Downtown,Townhouse,3.0,1.5,1443.0,1985.0,"$480,106",48.67049145578649
PROP-2423,Downtown,Single Family,3.0,2.0,1065.0,,419443.9,25.347550319255603
PROP-2424,,Single Family,2.0,1.5,1525.0,1950.0, 494924 ,3.165920529674454
PROP-2425,Westbay,town house,2.0,2.5,1184.0,1991.0,"$424,347",46.529482081200165
PROP-2426,Downtown,Townhouse,2.0,2.5,,1950.0,"$741,992",62.68973368075217
PROP-2427,Westbay,nan,1.0,2.0,2852.0,2003.0,"$787,216.05",81.84875676566786
PROP-2428,North End,condo,2.0,2.0,1539.0,1996.0,"$461,308",29.701464247020034
PROP-2429,West Bay,single family,4.0,3.0,2202.0,1988.0,"$573,872.75",49.025887030510006
PROP-2430,Suburbs,Condo,3.0,1.0,2183.0,1979.0,635432.3,48.80768642933157
PROP-2431,Suburbs,Condo,3.0,1.5,2069.0,1956.0,"$236,238",5.925721732082907
PROP-2432,Suburbs,Single Family,3.0,1.5,1244.0,1971.0,"$460,066.34",6.278673833640004
PROP-2433,North End,Condo,5.0,,1626.0,1999.0,"$578,645",2.5733156122821317
PROP-2434,Downtown,Condo,1.0,2.0,1348.0,1994.0,"$400,301",13.493741860553289
PROP-2435,Downtown,Single Family,2.0,2.5,1211.0,2023.0,"$376,498",22.453209048910697
PROP-2436,Suburbs,condo,2.0,2.0,2233.0,2021.0,Unknown,215.76785855295407
PROP-2437,North End,Condo,4.0,1.5,1330.0,1959.0,406667.3,19.73521003348443
PROP-2438,downtown,Duplex,,1.5,1747.0,1963.0,"$524,264.75",45.342952349528474
PROP-2439,North End,Single Family,2.0,1.5,2166.0,1995.0,N/A,41.377056474095426
PROP-2440,Westbay,Single Family,4.0,2.0,2452.0,1955.0,,8.006660957564828
PROP-2441,Downtown,Condo,4.0,1.5,1067.0,1970.0,"$421,916",2.1100984351211376
PROP-2442,North End,Single Family,2.0,1.0,1099.0,2011.0,"$395,258.77",27.638553329475286
PROP-2443,Suburbs,Condo,2.0,3.0,1682.0,1968.0,Unknown,42.174718758955144
PROP-2444,West Bay,condo,3.0,4.0,739.0,2011.0,"$328,770",222.22070423720658
PROP-2445,Downtown,Single Family,99.0,1.5,1118.0,2002.0,"$453,947",15.54417281784428
PROP-2446,North End,Condo,2.0,1.5,2316.0,1973.0,"$626,728.57",79.34065799776619
PROP-2447,West Bay,Condo,4.0,1.0,1921.0,2005.0,"$539,367.73",16.84051364753183
PROP-2448,Westbay,Single Family,2.0,2.0,1498.0,2011.0,"$579,603",40.925047280194896
PROP-2449,North End,town house,3.0,2.5,1825.0,1983.0,"$524,158.12",31.917639906979325
PROP-2450,Suburbs,Townhouse,3.0,1.0,1966.0,1971.0,"$539,764",1.9051827371824404
PROP-2451,North End,Condo,3.0,1.5,939.0,2017.0,"$303,805.89",2.8571001052441174
PROP-2452,West Bay,Condo,4.0,2.5,1322.0,2006.0,Unknown,0.7343943187352305
PROP-2453,suburbs,SFH,4.0,2.0,3182.0,1959.0,"$837,772",16.217609820455817
PROP-2454,Downtown,town house,4.0,1.0,,2015.0,"$701,088.55",47.93733160953497
PROP-2455,Westbay,Condo,1.0,2.0,1692.0,1957.0,"$528,980.80",6.637919840627976
PROP-2456,North End,Condo,3.0,1.5,1725.0,1987.0,"$496,997",32.58609419123403
PROP-2457,North End,Townhouse,2.0,2.0,1541.0,2011.0,475619.5,11.929422971600387
PROP-2458,downtown,Single Family,3.0,2.5,808.0,1977.0, 365912 ,55.80795379326966
PROP-2459,North End,Townhouse,3.0,2.5,1263.0,1959.0, 372769 ,56.050772427988235
PROP-2460,Suburbs,Single Family,3.0,2.0,1789.0,1994.0,573837.7,52.27246026164474
PROP-2461,North End,Single Family,3.0,3.0,1333.0,2014.0,507761.9,26.04315136839683
PROP-2462,Downtown,Single Family,,2.0,1080.0,, 400841 ,11.720342198025806
PROP-2463,North End,Duplex,2.0,2.5,1130.0,1958.0,"$458,568",58.023328811906374
PROP-2464,,Townhouse,3.0,2.0,2440.0,1954.0,"$624,986",7.207146137703657
PROP-2465,Downtown,Condo,2.0,3.0,1308.0,1959.0,"$355,498.65",11.975312214703523
PROP-2466,,Condo,2.0,3.0,2272.0,,"$660,710",7.114689416938252
PROP-2467,Suburbs,Condo,2.0,1.0,1728.0,2007.0,503754.8,39.252596924318894
PROP-2468,West Bay,Duplex,5.0,3.0,1441.0,1970.0,"$506,506",40.56899901690595
PROP-2469,north end,SFH,4.0,2.5,1191.0,1970.0, 398067 ,36.99567797140706
PROP-2470,suburbs,single family,5.0,2.5,1939.0,2014.0,"$583,150",18.801023820043802
PROP-2471,North End,Single Family,,1.5,9798.0,1952.0,"$632,634",3.6942689599629124
PROP-2472,West Bay,condo,2.0,2.5,2001.0,2018.0,"$595,302",84.73591598173589
PROP-2473,Suburbs,Condo,2.0,3.0,973.0,2013.0,"$339,642",24.805546179003695
PROP-2474,Suburbs,single family,3.0,1.5,1307.0,1998.0,"$376,169",18.28798972812741
PROP-2475,North End,Single Family,3.0,4.0,,2021.0, 439482 ,31.105763665510505
PROP-2476,north end,Townhouse,3.0,1.0,751.0,1966.0,1331842.8,7.496018649843971
PROP-2477,North End,Single Family,2.0,1.0,1819.0,2022.0,522819.6,4.976859939021832
PROP-2478,north end,Condo,3.0,2.0,1906.0,1981.0,"$541,577.37",18.202694594250957
PROP-2479,Suburbs,Duplex,3.0,2.0,1883.0,2019.0,571448.4,9.021662108268682
PROP-2480,north end,single family,2.0,2.0,1780.0,1970.0,"$1,710,204.65",9.803428740969412
PROP-2481,Downtown,Single Family,3.0,1.0,1400.0,1956.0,"$503,180.59",78.06299550632696
PROP-2482,suburbs,Condo,3.0,4.0,1175.0,1956.0, 359838 ,26.48237062947854
PROP-2483,Downtown,Townhouse,3.0,1.0,1398.0,1976.0,"$444,635.97",23.12170340871877
PROP-2484,Suburbs,Condo,2.0,1.0,1733.0,1957.0,,40.93269806805434
PROP-2485,Suburbs,Duplex,3.0,1.0,2343.0,2022.0,"$614,104",105.95144028009172
PROP-2486,Suburbs,Single Family,1.0,2.0,1602.0,1977.0, 568631 ,4.165250937124501
PROP-2487,North End,Condo,2.0,3.0,1583.0,2015.0,"$503,818.62",62.753866048350474
PROP-2488,Suburbs,Condo,4.0,2.0,775.0,2020.0,"$332,394",30.699064383236042
PROP-2489,Suburbs,Townhouse,3.0,2.5,1771.0,1996.0,"$503,183",5.530620433497482
PROP-2490,downtown,Single Family,2.0,1.0,2401.0,1959.0, 714217 ,12.341378414751757
PROP-2491,Suburbs,Townhouse,3.0,2.0,,1982.0,464084.2,23.046729839772233
PROP-2492,downtown,Condo,3.0,2.0,1464.0,1956.0,"$420,533",41.12456074636855
PROP-2493,Downtown,single family,4.0,2.0,1369.0,1952.0,"$516,764.03",9.72555598298501
PROP-2494,North End,Single Family,3.0,1.0,,1963.0,"$564,008.41",26.791005340767715
PROP-2495,North End,Townhouse,3.0,2.0,762.0,1993.0,"$234,063",40.39492556697111
PROP-2496,North End,Single Family,3.0,2.0,2273.0,1995.0, 637868 ,20.844252584886977
PROP-2497,Suburbs,Single Family,2.0,2.5,1443.0,,N/A,69.57873539184544
PROP-2498,Suburbs,Single Family,2.0,2.0,1782.0,1985.0,"$571,151.86",71.26240495916772
PROP-2499,West Bay,Townhouse,3.0,1.0,2012.0,1962.0, 563839 ,22.266415774806926
PROP-2316,Suburbs,SFH,3.0,1.0,1875.0,1987.0,"$522,077",5.781350661003821
PROP-1250,Suburbs,Condo,3.0,1.5,1350.0,1820.0,405353.8,23.539026469925233
PROP-1940,DOWNTOWN,Condo,4.0,2.0,1517.0,1971.0,"$496,200.42",90.17500879962942
PROP-1894,North End,Townhouse,3.0,2.5,1314.0,2007.0,438719.2,23.133991412152827
PROP-1807,West Bay,Condo,2.0,2.0,960.0,2012.0,N/A,
PROP-2253,Downtown,Single Family,3.0,2.5,1862.0,1998.0,577543.3,16.059470129246566
PROP-2267,Suburbs,Single Family,1.0,1.0,2951.0,2021.0,Unknown,20.497825565990205
PROP-2494,North End,Single Family,3.0,1.0,,1963.0,"$564,008.41",26.791005340767715
PROP-1230,north end,Single Family,3.0,1.0,1828.0,2006.0,"$607,795",6.317558391479022
PROP-1405,West Bay,Single Family,4.0,1.5,1291.0,1987.0,"$450,439",74.5647368701532
PROP-1266,North End,Condo,3.0,3.0,1641.0,1991.0,"$590,014.00",31.93946871057305
PROP-1624,North End,nan,2.0,3.0,1008.0,1978.0,"$392,999.65",76.08483084784295
PROP-1589,Downtown,single family,2.0,1.0,994.0,2019.0,357266.6,49.56354656831443
PROP-1043,West Bay,Single Family,3.0,1.5,-1172.0,1956.0,"$409,613",59.89562358115739
PROP-1450,North End,Single Family,3.0,2.0,1467.0,2001.0, 443834 ,89.70542637907144
PROP-2082,Suburbs,Condo,3.0,2.5,,2004.0,"$406,459",26.956598594519498
PROP-1538,Suburbs,Single Family,3.0,2.5,-895.0,1971.0,"$209,740.01",10.508696148128276
PROP-2192,Suburbs,Single Family,3.0,2.0,1572.0,1967.0,"$557,557",2.8054238931845292
PROP-2261,north end,Single Family,4.0,3.0,2154.0,2015.0,668460.2,27.07745493405984
PROP-2013,Downtown,Condo,2.0,2.5,2036.0,2000.0,"$644,023.81",21.327252901620295
PROP-1369,Downtown,Condo,3.0,2.5,2634.0,1952.0,"$710,419.04",39.07056789724729
PROP-1888,Downtown,Condo,3.0,2.0,991.0,1976.0,381061.2,18.396707465862978
PROP-1112,West Bay,Condo,3.0,2.0,2216.0,1986.0,"$675,617",34.71503811429976
PROP-1019,Suburbs,town house,4.0,1.0,1696.0,1974.0,"$478,827",14.013059394162942
PROP-2458,downtown,Single Family,3.0,2.5,808.0,1977.0, 365912 ,55.80795379326966
PROP-2216,Downtown,Condo,1.0,1.5,2117.0,2018.0,"$542,310.08",52.57903469301381
PROP-2345,Suburbs,Single Family,2.0,1.5,1915.0,1995.0,"$540,785.63",0.03498220573026132
PROP-1551,West Bay,SFH,2.0,2.5,1607.0,1986.0,"$485,615.58",42.10344804116214
PROP-1151,downtown,Single Family,2.0,2.5,1332.0,1993.0,"$402,398",68.58412977304909
PROP-2032,downtown,Single Family,1.0,2.0,2993.0,2011.0,849692.1,27.27766114218158
PROP-1821,Downtown,Condo,2.0,1.5,1378.0,1979.0,410361.9,60.4925565444423
PROP-1438,North End,SFH,5.0,2.5,1318.0,2011.0,"$429,750.67",42.03872221057536
PROP-1837,Suburbs,Single Family,2.0,2.0,1393.0,1970.0,"$505,158",10.509365974933838
PROP-2294,north end,single family,2.0,2.0,867.0,1988.0,354457.7,29.112493735984458
PROP-1163,suburbs,SFH,3.0,2.5,1202.0,1983.0,"$465,913.10",9.560920379758484
